month,Pluviometer,MonthlyRF
2005M10,BEN AROUS I MUNICIPA,21.000000774860382
2005M10,BOUMHEL BASSATINE MU,25.700000047683716
2005M10,CRETEVILLE,40.5
2005M10,DOMAINE DECHAMUNE,23.5
2005M10,EZZAHRA,5.100000023841858
2005M10,FOUCHANA FERME GAMOU,44.69999998062849
2005M10,HAMMEM LIF,55.0
2005M10,KHELIDIA CTV,18.200000047683716
2005M10,KHELIDIA POMPAGE,38.34842554519511
2005M10,MEGRINE PARC CRDA,13.4999995008111
2005M10,MHAMEDIA DISPENSAIRE,14.699999809265137
2005M10,MORNAG SIDI ZEYED,25.0
2005M10,MORNEG CTV,21.499999821186066
2005M10,MORNEG FERME ESSADIR,39.5
2005M10,OUDHNA FERME CHIBOUB,8.0
2005M10,OUZRA AGRI FLORA,24.5
2005M10,RADES OUAFA,14.900000035762787
2005M10,RADES PF,14.100000336766243
2005M11,BEN AROUS I MUNICIPA,44.399999260902405
2005M11,BOUMHEL BASSATINE MU,42.29999923706055
2005M11,CRETEVILLE,10.0
2005M11,DOMAINE DECHAMUNE,25.799999475479126
2005M11,EZZAHRA,42.39999947696924
2005M11,FOUCHANA FERME GAMOU,52.70000000298023
2005M11,HAMMEM LIF,25.199999809265137
2005M11,KHELIDIA CTV,36.30000019073486
2005M11,KHELIDIA POMPAGE,37.111379559866236
2005M11,MEGRINE PARC CRDA,34.80000042915344
2005M11,MHAMEDIA DISPENSAIRE,25.300000369548798
2005M11,MORNAG SIDI ZEYED,27.0
2005M11,MORNEG CTV,43.69999980926514
2005M11,MORNEG FERME ESSADIR,39.5
2005M11,OUDHNA FERME CHIBOUB,37.19999980926514
2005M11,OUZRA AGRI FLORA,25.0
2005M11,RADES OUAFA,31.899999797344208
2005M11,RADES PF,35.6999990940094
2005M12,BEN AROUS I MUNICIPA,123.69999966025352
2005M12,BOUMHEL BASSATINE MU,80.40000002086163
2005M12,CRETEVILLE,127.0
2005M12,DOMAINE DECHAMUNE,107.19999980926514
2005M12,EZZAHRA,97.00000041723251
2005M12,FOUCHANA FERME GAMOU,118.89999988675117
2005M12,HAMMEM LIF,82.80000001192093
2005M12,KHELIDIA CTV,121.60000002384186
2005M12,KHELIDIA POMPAGE,38.34842554519511
2005M12,MEGRINE PARC CRDA,118.9000004902482
2005M12,MHAMEDIA DISPENSAIRE,94.59999889880419
2005M12,MORNAG SIDI ZEYED,106.5
2005M12,MORNEG CTV,101.60000143945217
2005M12,MORNEG FERME ESSADIR,104.5
2005M12,OUDHNA FERME CHIBOUB,107.0
2005M12,OUZRA AGRI FLORA,98.0
2005M12,RADES OUAFA,95.10000002384186
2005M12,RADES PF,110.69999797642231
2005M9,BEN AROUS I MUNICIPA,23.600000381469727
2005M9,BOUMHEL BASSATINE MU,19.300000250339508
2005M9,CRETEVILLE,3.5
2005M9,DOMAINE DECHAMUNE,36.20000076293945
2005M9,EZZAHRA,11.800000429153442
2005M9,FOUCHANA FERME GAMOU,52.599999971687794
2005M9,HAMMEM LIF,31.600000023841858
2005M9,KHELIDIA CTV,28.100000023841858
2005M9,KHELIDIA POMPAGE,37.111379559866236
2005M9,MEGRINE PARC CRDA,18.100000001490116
2005M9,MHAMEDIA DISPENSAIRE,30.40000021457672
2005M9,MORNAG SIDI ZEYED,31.0
2005M9,MORNEG CTV,33.700000055134296
2005M9,MORNEG FERME ESSADIR,33.5
2005M9,OUDHNA FERME CHIBOUB,10.0
2005M9,OUZRA AGRI FLORA,22.0
2005M9,RADES OUAFA,20.300000093877316
2005M9,RADES PF,16.599999859929085
2006M1,BEN AROUS I MUNICIPA,126.60000102221966
2006M1,BOUMHEL BASSATINE MU,152.00000001490116
2006M1,CRETEVILLE,136.0
2006M1,DOMAINE DECHAMUNE,152.7000002861023
2006M1,EZZAHRA,159.7000024318695
2006M1,FOUCHANA FERME GAMOU,145.39999992400408
2006M1,HAMMEM LIF,170.40000021457672
2006M1,KHELIDIA CTV,158.19999980926514
2006M1,KHELIDIA POMPAGE,38.34842554519511
2006M1,MEGRINE PARC CRDA,126.59999990463257
2006M1,MHAMEDIA DISPENSAIRE,131.79999954998493
2006M1,MORNAG SIDI ZEYED,169.10000038146973
2006M1,MORNEG CTV,158.90000154823065
2006M1,MORNEG FERME ESSADIR,149.5
2006M1,OUDHNA FERME CHIBOUB,217.0
2006M1,OUZRA AGRI FLORA,125.0
2006M1,RADES OUAFA,118.59999996423721
2006M1,RADES PF,126.1000002771616
2006M10,BEN AROUS I MUNICIPA,70.09999907016754
2006M10,BOUMHEL BASSATINE MU,150.20000000298023
2006M10,CRETEVILLE,64.0
2006M10,DOMAINE DECHAMUNE,74.29999995231628
2006M10,EZZAHRA,147.70000118017197
2006M10,FOUCHANA FERME GAMOU,51.20000001788139
2006M10,HAMMEM LIF,108.0
2006M10,KHELIDIA CTV,95.0
2006M10,KHELIDIA POMPAGE,38.34842554519511
2006M10,MEGRINE PARC CRDA,86.80000243335962
2006M10,MHAMEDIA DISPENSAIRE,50.50000071525574
2006M10,MORNAG SIDI ZEYED,80.0
2006M10,MORNEG CTV,122.29999853670597
2006M10,MORNEG FERME ESSADIR,114.0
2006M10,OUDHNA FERME CHIBOUB,41.0
2006M10,OUZRA AGRI FLORA,78.0
2006M10,RADES OUAFA,129.90000000596046
2006M10,RADES PF,49.499999672174454
2006M11,BEN AROUS I MUNICIPA,31.199999451637268
2006M11,BOUMHEL BASSATINE MU,48.80000001192093
2006M11,CRETEVILLE,31.0
2006M11,DOMAINE DECHAMUNE,43.90000009536743
2006M11,EZZAHRA,42.59999957680702
2006M11,FOUCHANA FERME GAMOU,30.299999952316284
2006M11,HAMMEM LIF,27.5
2006M11,KHELIDIA CTV,22.09999990463257
2006M11,KHELIDIA POMPAGE,37.111379559866236
2006M11,MEGRINE PARC CRDA,21.200000412762165
2006M11,MHAMEDIA DISPENSAIRE,16.99999988079071
2006M11,MORNAG SIDI ZEYED,33.5
2006M11,MORNEG CTV,55.70000000298023
2006M11,MORNEG FERME ESSADIR,67.5
2006M11,OUDHNA FERME CHIBOUB,23.0
2006M11,OUZRA AGRI FLORA,45.5
2006M11,RADES OUAFA,24.999999940395355
2006M11,RADES PF,26.20000034570694
2006M12,BEN AROUS I MUNICIPA,142.00000089406967
2006M12,BOUMHEL BASSATINE MU,223.10000002384186
2006M12,CRETEVILLE,177.0
2006M12,DOMAINE DECHAMUNE,195.5
2006M12,EZZAHRA,172.99999952316284
2006M12,FOUCHANA FERME GAMOU,138.30000014603138
2006M12,HAMMEM LIF,216.5
2006M12,KHELIDIA CTV,140.5
2006M12,KHELIDIA POMPAGE,38.34842554519511
2006M12,MEGRINE PARC CRDA,164.00000047683716
2006M12,MHAMEDIA DISPENSAIRE,126.60000175237656
2006M12,MORNAG SIDI ZEYED,158.0
2006M12,MORNEG CTV,212.69999760389328
2006M12,MORNEG FERME ESSADIR,223.0
2006M12,OUDHNA FERME CHIBOUB,107.0
2006M12,OUZRA AGRI FLORA,133.0
2006M12,RADES OUAFA,198.69999742507935
2006M12,RADES PF,149.70000004768372
2006M2,BEN AROUS I MUNICIPA,44.000000298023224
2006M2,BOUMHEL BASSATINE MU,60.8999999910593
2006M2,CRETEVILLE,61.0
2006M2,DOMAINE DECHAMUNE,46.5
2006M2,EZZAHRA,38.600000619888306
2006M2,FOUCHANA FERME GAMOU,64.6000000834465
2006M2,HAMMEM LIF,31.0
2006M2,KHELIDIA CTV,39.0
2006M2,KHELIDIA POMPAGE,34.63728758920849
2006M2,MEGRINE PARC CRDA,39.50000010430813
2006M2,MHAMEDIA DISPENSAIRE,46.800000071525574
2006M2,MORNAG SIDI ZEYED,40.5
2006M2,MORNEG CTV,46.99999972432852
2006M2,MORNEG FERME ESSADIR,31.0
2006M2,OUDHNA FERME CHIBOUB,105.0
2006M2,OUZRA AGRI FLORA,52.0
2006M2,RADES OUAFA,34.6000000834465
2006M2,RADES PF,35.09999988228083
2006M3,BEN AROUS I MUNICIPA,37.10000038146973
2006M3,BOUMHEL BASSATINE MU,34.0
2006M3,CRETEVILLE,108.0
2006M3,DOMAINE DECHAMUNE,36.0
2006M3,EZZAHRA,19.50000062584877
2006M3,FOUCHANA FERME GAMOU,42.1000000089407
2006M3,HAMMEM LIF,26.5
2006M3,KHELIDIA CTV,16.69999998807907
2006M3,KHELIDIA POMPAGE,38.34842554519511
2006M3,MEGRINE PARC CRDA,30.60000006854534
2006M3,MHAMEDIA DISPENSAIRE,27.900000259280205
2006M3,MORNAG SIDI ZEYED,32.5
2006M3,MORNEG CTV,31.29999977350235
2006M3,MORNEG FERME ESSADIR,38.0
2006M3,OUDHNA FERME CHIBOUB,44.0
2006M3,OUZRA AGRI FLORA,26.0
2006M3,RADES OUAFA,22.399999856948853
2006M3,RADES PF,29.79999965429306
2006M4,BEN AROUS I MUNICIPA,13.599999725818634
2006M4,BOUMHEL BASSATINE MU,6.0
2006M4,CRETEVILLE,14.0
2006M4,DOMAINE DECHAMUNE,16.0
2006M4,EZZAHRA,5.799999952316284
2006M4,FOUCHANA FERME GAMOU,25.100000016391277
2006M4,HAMMEM LIF,17.0
2006M4,KHELIDIA CTV,7.0
2006M4,KHELIDIA POMPAGE,37.111379559866236
2006M4,MEGRINE PARC CRDA,10.300000011920929
2006M4,MHAMEDIA DISPENSAIRE,22.30000001937151
2006M4,MORNAG SIDI ZEYED,17.0
2006M4,MORNEG CTV,9.100000038743019
2006M4,MORNEG FERME ESSADIR,7.5
2006M4,OUDHNA FERME CHIBOUB,31.0
2006M4,OUZRA AGRI FLORA,10.0
2006M4,RADES OUAFA,25.799999237060547
2006M4,RADES PF,36.19999846816063
2006M5,BEN AROUS I MUNICIPA,37.69999974966049
2006M5,BOUMHEL BASSATINE MU,31.100000023841858
2006M5,CRETEVILLE,0.0
2006M5,DOMAINE DECHAMUNE,25.40000009536743
2006M5,EZZAHRA,34.500000298023224
2006M5,FOUCHANA FERME GAMOU,42.10000003874302
2006M5,HAMMEM LIF,32.0
2006M5,KHELIDIA CTV,45.0
2006M5,KHELIDIA POMPAGE,38.34842554519511
2006M5,MEGRINE PARC CRDA,36.00000047683716
2006M5,MHAMEDIA DISPENSAIRE,33.90000006556511
2006M5,MORNAG SIDI ZEYED,31.0
2006M5,MORNEG CTV,22.299999952316284
2006M5,MORNEG FERME ESSADIR,36.5
2006M5,OUDHNA FERME CHIBOUB,30.0
2006M5,OUZRA AGRI FLORA,36.0
2006M5,RADES OUAFA,37.69999995827675
2006M5,RADES PF,41.90000007301569
2006M6,BEN AROUS I MUNICIPA,5.6000001430511475
2006M6,BOUMHEL BASSATINE MU,3.0
2006M6,CRETEVILLE,9.0
2006M6,DOMAINE DECHAMUNE,2.0
2006M6,EZZAHRA,2.5999999046325684
2006M6,FOUCHANA FERME GAMOU,4.400000035762787
2006M6,HAMMEM LIF,3.100000023841858
2006M6,KHELIDIA CTV,0.0
2006M6,KHELIDIA POMPAGE,37.111379559866236
2006M6,MEGRINE PARC CRDA,7.0
2006M6,MHAMEDIA DISPENSAIRE,0.0
2006M6,MORNAG SIDI ZEYED,0.0
2006M6,MORNEG CTV,4.800000011920929
2006M6,MORNEG FERME ESSADIR,3.0
2006M6,OUDHNA FERME CHIBOUB,0.0
2006M6,OUZRA AGRI FLORA,0.0
2006M6,RADES OUAFA,0.0
2006M6,RADES PF,2.8000000566244125
2006M7,BEN AROUS I MUNICIPA,0.0
2006M7,BOUMHEL BASSATINE MU,0.0
2006M7,CRETEVILLE,0.0
2006M7,DOMAINE DECHAMUNE,0.0
2006M7,EZZAHRA,0.0
2006M7,FOUCHANA FERME GAMOU,0.0
2006M7,HAMMEM LIF,0.0
2006M7,KHELIDIA CTV,0.0
2006M7,KHELIDIA POMPAGE,38.34842554519511
2006M7,MEGRINE PARC CRDA,0.0
2006M7,MHAMEDIA DISPENSAIRE,0.0
2006M7,MORNAG SIDI ZEYED,0.0
2006M7,MORNEG CTV,0.0
2006M7,MORNEG FERME ESSADIR,0.0
2006M7,OUDHNA FERME CHIBOUB,0.0
2006M7,OUZRA AGRI FLORA,0.0
2006M7,RADES OUAFA,0.0
2006M7,RADES PF,0.0
2006M8,BEN AROUS I MUNICIPA,0.5
2006M8,BOUMHEL BASSATINE MU,1.0
2006M8,CRETEVILLE,0.0
2006M8,DOMAINE DECHAMUNE,0.0
2006M8,EZZAHRA,0.0
2006M8,FOUCHANA FERME GAMOU,4.5
2006M8,HAMMEM LIF,0.30000001192092896
2006M8,KHELIDIA CTV,6.099999904632568
2006M8,KHELIDIA POMPAGE,38.34842554519511
2006M8,MEGRINE PARC CRDA,1.0
2006M8,MHAMEDIA DISPENSAIRE,0.0
2006M8,MORNAG SIDI ZEYED,3.0
2006M8,MORNEG CTV,3.599999964237213
2006M8,MORNEG FERME ESSADIR,0.0
2006M8,OUDHNA FERME CHIBOUB,2.0
2006M8,OUZRA AGRI FLORA,5.0
2006M8,RADES OUAFA,0.0
2006M8,RADES PF,0.5
2006M9,BEN AROUS I MUNICIPA,25.800000607967377
2006M9,BOUMHEL BASSATINE MU,25.899999618530273
2006M9,CRETEVILLE,15.800000011920929
2006M9,DOMAINE DECHAMUNE,23.5
2006M9,EZZAHRA,22.699999809265137
2006M9,FOUCHANA FERME GAMOU,38.400000005960464
2006M9,HAMMEM LIF,18.0
2006M9,KHELIDIA CTV,31.50000023841858
2006M9,KHELIDIA POMPAGE,37.111379559866236
2006M9,MEGRINE PARC CRDA,23.69999986886978
2006M9,MHAMEDIA DISPENSAIRE,31.400000751018524
2006M9,MORNAG SIDI ZEYED,34.0
2006M9,MORNEG CTV,17.299999952316284
2006M9,MORNEG FERME ESSADIR,21.0
2006M9,OUDHNA FERME CHIBOUB,6.0
2006M9,OUZRA AGRI FLORA,19.0
2006M9,RADES OUAFA,22.49999976158142
2006M9,RADES PF,26.799999833106995
2007M1,BEN AROUS I MUNICIPA,11.999999821186066
2007M1,BOUMHEL BASSATINE MU,10.100000023841858
2007M1,CRETEVILLE,13.0
2007M1,DOMAINE DECHAMUNE,7.0
2007M1,EZZAHRA,13.299999952316284
2007M1,FOUCHANA FERME GAMOU,8.200000002980232
2007M1,HAMMEM LIF,18.0
2007M1,KHELIDIA CTV,8.5
2007M1,KHELIDIA POMPAGE,38.34842554519511
2007M1,MEGRINE PARC CRDA,11.499999940395355
2007M1,MHAMEDIA DISPENSAIRE,8.199999883770943
2007M1,MORNAG SIDI ZEYED,21.0
2007M1,MORNEG CTV,13.899999812245369
2007M1,MORNEG FERME ESSADIR,24.0
2007M1,OUDHNA FERME CHIBOUB,13.0
2007M1,OUZRA AGRI FLORA,12.0
2007M1,RADES OUAFA,13.300000131130219
2007M1,RADES PF,12.199999898672104
2007M10,BEN AROUS I MUNICIPA,121.49999976158142
2007M10,BOUMHEL BASSATINE MU,97.5
2007M10,CRETEVILLE,129.29999995231628
2007M10,DOMAINE DECHAMUNE,119.5
2007M10,EZZAHRA,64.00000143051147
2007M10,FOUCHANA FERME GAMOU,109.30000000447035
2007M10,HAMMEM LIF,97.5
2007M10,KHELIDIA CTV,115.0
2007M10,KHELIDIA POMPAGE,77.79999995231628
2007M10,MEGRINE PARC CRDA,42.69999980926514
2007M10,MHAMEDIA DISPENSAIRE,129.200000166893
2007M10,MORNAG SIDI ZEYED,128.60000038146973
2007M10,MORNEG CTV,36.499999955296516
2007M10,MORNEG FERME ESSADIR,137.0
2007M10,OUDHNA FERME CHIBOUB,78.0
2007M10,OUZRA AGRI FLORA,119.5
2007M10,RADES OUAFA,117.89999973773956
2007M10,RADES PF,82.89999885857105
2007M11,BEN AROUS I MUNICIPA,55.80000025033951
2007M11,BOUMHEL BASSATINE MU,35.0
2007M11,CRETEVILLE,22.5
2007M11,DOMAINE DECHAMUNE,21.0
2007M11,EZZAHRA,26.999999403953552
2007M11,FOUCHANA FERME GAMOU,42.599999845027924
2007M11,HAMMEM LIF,31.60000005364418
2007M11,KHELIDIA CTV,25.0
2007M11,KHELIDIA POMPAGE,37.10000014305115
2007M11,MEGRINE PARC CRDA,40.89999985694885
2007M11,MHAMEDIA DISPENSAIRE,41.10000017285347
2007M11,MORNAG SIDI ZEYED,23.5
2007M11,MORNEG CTV,38.699999913573265
2007M11,MORNEG FERME ESSADIR,28.0
2007M11,OUDHNA FERME CHIBOUB,24.0
2007M11,OUZRA AGRI FLORA,40.0
2007M11,RADES OUAFA,42.19999976456165
2007M11,RADES PF,31.799999475479126
2007M12,BEN AROUS I MUNICIPA,83.30000042915344
2007M12,BOUMHEL BASSATINE MU,76.0
2007M12,CRETEVILLE,81.39999961853027
2007M12,DOMAINE DECHAMUNE,78.20000004768372
2007M12,EZZAHRA,2.4000000953674316
2007M12,FOUCHANA FERME GAMOU,61.29999993741512
2007M12,HAMMEM LIF,87.20000000298023
2007M12,KHELIDIA CTV,98.5
2007M12,KHELIDIA POMPAGE,78.79999981075525
2007M12,MEGRINE PARC CRDA,72.29999923706055
2007M12,MHAMEDIA DISPENSAIRE,62.500000059604645
2007M12,MORNAG SIDI ZEYED,86.59999990463257
2007M12,MORNEG CTV,65.20000000298023
2007M12,MORNEG FERME ESSADIR,116.5
2007M12,OUDHNA FERME CHIBOUB,58.0
2007M12,OUZRA AGRI FLORA,54.0
2007M12,RADES OUAFA,72.19999952614307
2007M12,RADES PF,74.29999858140945
2007M2,BEN AROUS I MUNICIPA,40.79999893903732
2007M2,BOUMHEL BASSATINE MU,69.0
2007M2,CRETEVILLE,50.0
2007M2,DOMAINE DECHAMUNE,32.80000019073486
2007M2,EZZAHRA,39.39999961853027
2007M2,FOUCHANA FERME GAMOU,38.50000002980232
2007M2,HAMMEM LIF,65.5
2007M2,KHELIDIA CTV,38.19999980926514
2007M2,KHELIDIA POMPAGE,34.63728758920849
2007M2,MEGRINE PARC CRDA,48.5999995470047
2007M2,MHAMEDIA DISPENSAIRE,41.70000019669533
2007M2,MORNAG SIDI ZEYED,46.90000009536743
2007M2,MORNEG CTV,58.50000011920929
2007M2,MORNEG FERME ESSADIR,50.0
2007M2,OUDHNA FERME CHIBOUB,54.0
2007M2,OUZRA AGRI FLORA,23.0
2007M2,RADES OUAFA,38.69999988377094
2007M2,RADES PF,47.2000008225441
2007M3,BEN AROUS I MUNICIPA,113.99999988079071
2007M3,BOUMHEL BASSATINE MU,112.90000000596046
2007M3,CRETEVILLE,111.0
2007M3,DOMAINE DECHAMUNE,159.39999997615814
2007M3,EZZAHRA,91.19999861717224
2007M3,FOUCHANA FERME GAMOU,133.39999961853027
2007M3,HAMMEM LIF,104.5
2007M3,KHELIDIA CTV,149.0
2007M3,KHELIDIA POMPAGE,38.34842554519511
2007M3,MEGRINE PARC CRDA,105.1000016182661
2007M3,MHAMEDIA DISPENSAIRE,116.30000025033951
2007M3,MORNAG SIDI ZEYED,150.5
2007M3,MORNEG CTV,136.90000009536743
2007M3,MORNEG FERME ESSADIR,154.0
2007M3,OUDHNA FERME CHIBOUB,96.0
2007M3,OUZRA AGRI FLORA,110.0
2007M3,RADES OUAFA,88.90000158548355
2007M3,RADES PF,91.20000025629997
2007M4,BEN AROUS I MUNICIPA,26.19999972730875
2007M4,BOUMHEL BASSATINE MU,34.5
2007M4,CRETEVILLE,14.0
2007M4,DOMAINE DECHAMUNE,47.299999952316284
2007M4,EZZAHRA,30.0
2007M4,FOUCHANA FERME GAMOU,34.90000009536743
2007M4,HAMMEM LIF,21.0
2007M4,KHELIDIA CTV,33.0
2007M4,KHELIDIA POMPAGE,37.111379559866236
2007M4,MEGRINE PARC CRDA,22.5999995470047
2007M4,MHAMEDIA DISPENSAIRE,19.999999821186066
2007M4,MORNAG SIDI ZEYED,39.5
2007M4,MORNEG CTV,39.10000021755695
2007M4,MORNEG FERME ESSADIR,31.0
2007M4,OUDHNA FERME CHIBOUB,31.0
2007M4,OUZRA AGRI FLORA,33.0
2007M4,RADES OUAFA,27.100000381469727
2007M4,RADES PF,25.100000262260437
2007M5,BEN AROUS I MUNICIPA,10.00000011920929
2007M5,BOUMHEL BASSATINE MU,4.5
2007M5,CRETEVILLE,4.5
2007M5,DOMAINE DECHAMUNE,4.0
2007M5,EZZAHRA,6.000000059604645
2007M5,FOUCHANA FERME GAMOU,8.599999904632568
2007M5,HAMMEM LIF,5.5
2007M5,KHELIDIA CTV,2.5
2007M5,KHELIDIA POMPAGE,38.34842554519511
2007M5,MEGRINE PARC CRDA,8.199999988079071
2007M5,MHAMEDIA DISPENSAIRE,3.8000000715255737
2007M5,MORNAG SIDI ZEYED,0.0
2007M5,MORNEG CTV,15.100000008940697
2007M5,MORNEG FERME ESSADIR,12.0
2007M5,OUDHNA FERME CHIBOUB,14.0
2007M5,OUZRA AGRI FLORA,0.0
2007M5,RADES OUAFA,8.500000149011612
2007M5,RADES PF,8.30000028014183
2007M6,BEN AROUS I MUNICIPA,15.700000047683716
2007M6,BOUMHEL BASSATINE MU,8.5
2007M6,CRETEVILLE,15.0
2007M6,DOMAINE DECHAMUNE,15.5
2007M6,EZZAHRA,11.699999809265137
2007M6,FOUCHANA FERME GAMOU,7.200000002980232
2007M6,HAMMEM LIF,14.0
2007M6,KHELIDIA CTV,11.5
2007M6,KHELIDIA POMPAGE,37.111379559866236
2007M6,MEGRINE PARC CRDA,18.299999713897705
2007M6,MHAMEDIA DISPENSAIRE,5.699999809265137
2007M6,MORNAG SIDI ZEYED,14.5
2007M6,MORNEG CTV,15.200000002980232
2007M6,MORNEG FERME ESSADIR,17.0
2007M6,OUDHNA FERME CHIBOUB,4.0
2007M6,OUZRA AGRI FLORA,14.0
2007M6,RADES OUAFA,12.099999964237213
2007M6,RADES PF,10.999999761581421
2007M7,BEN AROUS I MUNICIPA,0.0
2007M7,BOUMHEL BASSATINE MU,0.0
2007M7,CRETEVILLE,0.0
2007M7,DOMAINE DECHAMUNE,0.0
2007M7,EZZAHRA,0.0
2007M7,FOUCHANA FERME GAMOU,0.0
2007M7,HAMMEM LIF,0.0
2007M7,KHELIDIA CTV,0.0
2007M7,KHELIDIA POMPAGE,38.34842554519511
2007M7,MEGRINE PARC CRDA,0.0
2007M7,MHAMEDIA DISPENSAIRE,1.7999999523162842
2007M7,MORNAG SIDI ZEYED,0.0
2007M7,MORNEG CTV,0.0
2007M7,MORNEG FERME ESSADIR,2.0
2007M7,OUDHNA FERME CHIBOUB,0.0
2007M7,OUZRA AGRI FLORA,0.0
2007M7,RADES OUAFA,0.0
2007M7,RADES PF,0.0
2007M8,BEN AROUS I MUNICIPA,0.0
2007M8,BOUMHEL BASSATINE MU,0.0
2007M8,CRETEVILLE,0.0
2007M8,DOMAINE DECHAMUNE,3.0
2007M8,EZZAHRA,0.0
2007M8,FOUCHANA FERME GAMOU,1.1000000014901161
2007M8,HAMMEM LIF,0.0
2007M8,KHELIDIA CTV,0.0
2007M8,KHELIDIA POMPAGE,38.34842554519511
2007M8,MEGRINE PARC CRDA,0.0
2007M8,MHAMEDIA DISPENSAIRE,1.7999999523162842
2007M8,MORNAG SIDI ZEYED,11.0
2007M8,MORNEG CTV,1.2999999523162842
2007M8,MORNEG FERME ESSADIR,6.0
2007M8,OUDHNA FERME CHIBOUB,3.0
2007M8,OUZRA AGRI FLORA,7.0
2007M8,RADES OUAFA,0.0
2007M8,RADES PF,0.0
2007M9,BEN AROUS I MUNICIPA,79.49999856948853
2007M9,BOUMHEL BASSATINE MU,41.0
2007M9,CRETEVILLE,42.0
2007M9,DOMAINE DECHAMUNE,23.5
2007M9,EZZAHRA,87.5
2007M9,FOUCHANA FERME GAMOU,64.20000004768372
2007M9,HAMMEM LIF,33.5
2007M9,KHELIDIA CTV,65.0
2007M9,KHELIDIA POMPAGE,64.0
2007M9,MEGRINE PARC CRDA,86.0
2007M9,MHAMEDIA DISPENSAIRE,81.99999852478504
2007M9,MORNAG SIDI ZEYED,31.0
2007M9,MORNEG CTV,38.70000076293945
2007M9,MORNEG FERME ESSADIR,45.0
2007M9,OUDHNA FERME CHIBOUB,78.0
2007M9,OUZRA AGRI FLORA,40.0
2007M9,RADES OUAFA,67.5
2007M9,RADES PF,45.0
2008M1,BEN AROUS I MUNICIPA,14.50000011920929
2008M1,BOUMHEL BASSATINE MU,11.5
2008M1,CRETEVILLE,9.200000047683716
2008M1,DOMAINE DECHAMUNE,6.0
2008M1,EZZAHRA,9.0
2008M1,FOUCHANA FERME GAMOU,15.500000044703484
2008M1,HAMMEM LIF,10.5
2008M1,KHELIDIA CTV,15.0
2008M1,KHELIDIA POMPAGE,1.2000000029802322
2008M1,MEGRINE PARC CRDA,10.299999833106995
2008M1,MHAMEDIA DISPENSAIRE,10.499999955296516
2008M1,MORNAG SIDI ZEYED,16.0
2008M1,MORNEG CTV,11.600000023841858
2008M1,MORNEG FERME ESSADIR,20.0
2008M1,OUDHNA FERME CHIBOUB,11.0
2008M1,OUZRA AGRI FLORA,12.0
2008M1,RADES OUAFA,12.199999809265137
2008M1,RADES PF,9.49999988079071
2008M10,BEN AROUS I MUNICIPA,10.7999999076128
2008M10,BOUMHEL BASSATINE MU,14.200000002980232
2008M10,CRETEVILLE,15.0
2008M10,DOMAINE DECHAMUNE,19.5
2008M10,EZZAHRA,15.900000095367432
2008M10,FOUCHANA FERME GAMOU,22.000000044703484
2008M10,HAMMEM LIF,38.34842554519511
2008M10,KHELIDIA CTV,12.0
2008M10,KHELIDIA POMPAGE,28.999999955296516
2008M10,MEGRINE PARC CRDA,14.399999931454659
2008M10,MHAMEDIA DISPENSAIRE,19.5
2008M10,MORNAG SIDI ZEYED,24.40000081062317
2008M10,MORNEG CTV,27.799999952316284
2008M10,MORNEG FERME ESSADIR,22.0
2008M10,OUDHNA FERME CHIBOUB,29.0
2008M10,OUZRA AGRI FLORA,31.0
2008M10,RADES OUAFA,20.600000739097595
2008M10,RADES PF,27.799999952316284
2008M11,BEN AROUS I MUNICIPA,14.399999856948853
2008M11,BOUMHEL BASSATINE MU,15.0
2008M11,CRETEVILLE,26.0
2008M11,DOMAINE DECHAMUNE,26.0
2008M11,EZZAHRA,21.500000476837158
2008M11,FOUCHANA FERME GAMOU,11.400000251829624
2008M11,HAMMEM LIF,37.111379559866236
2008M11,KHELIDIA CTV,0.0
2008M11,KHELIDIA POMPAGE,11.900000251829624
2008M11,MEGRINE PARC CRDA,12.200000047683716
2008M11,MHAMEDIA DISPENSAIRE,7.800000011920929
2008M11,MORNAG SIDI ZEYED,31.0
2008M11,MORNEG CTV,26.900000751018524
2008M11,MORNEG FERME ESSADIR,23.0
2008M11,OUDHNA FERME CHIBOUB,6.0
2008M11,OUZRA AGRI FLORA,12.0
2008M11,RADES OUAFA,18.600000023841858
2008M11,RADES PF,26.900000751018524
2008M12,BEN AROUS I MUNICIPA,18.700000047683716
2008M12,BOUMHEL BASSATINE MU,11.0
2008M12,CRETEVILLE,10.0
2008M12,DOMAINE DECHAMUNE,8.0
2008M12,EZZAHRA,8.600000023841858
2008M12,FOUCHANA FERME GAMOU,15.299999929964542
2008M12,HAMMEM LIF,38.34842554519511
2008M12,KHELIDIA CTV,10.0
2008M12,KHELIDIA POMPAGE,4.499999940395355
2008M12,MEGRINE PARC CRDA,15.499999761581421
2008M12,MHAMEDIA DISPENSAIRE,13.700000047683716
2008M12,MORNAG SIDI ZEYED,0.0
2008M12,MORNEG CTV,10.799999952316284
2008M12,MORNEG FERME ESSADIR,11.5
2008M12,OUDHNA FERME CHIBOUB,8.0
2008M12,OUZRA AGRI FLORA,7.0
2008M12,RADES OUAFA,16.30000029504299
2008M12,RADES PF,10.799999952316284
2008M2,BEN AROUS I MUNICIPA,11.70000010728836
2008M2,BOUMHEL BASSATINE MU,15.0
2008M2,CRETEVILLE,14.5
2008M2,DOMAINE DECHAMUNE,14.899999856948853
2008M2,EZZAHRA,6.8999998569488525
2008M2,FOUCHANA FERME GAMOU,10.300000011920929
2008M2,HAMMEM LIF,14.199999809265137
2008M2,KHELIDIA CTV,13.099999904632568
2008M2,KHELIDIA POMPAGE,10.0
2008M2,MEGRINE PARC CRDA,7.199999988079071
2008M2,MHAMEDIA DISPENSAIRE,7.799999833106995
2008M2,MORNAG SIDI ZEYED,10.5
2008M2,MORNEG CTV,13.999999821186066
2008M2,MORNEG FERME ESSADIR,18.0
2008M2,OUDHNA FERME CHIBOUB,2.0
2008M2,OUZRA AGRI FLORA,10.0
2008M2,RADES OUAFA,6.900000050663948
2008M2,RADES PF,10.99999988079071
2008M3,BEN AROUS I MUNICIPA,45.09999966621399
2008M3,BOUMHEL BASSATINE MU,43.0
2008M3,CRETEVILLE,49.5
2008M3,DOMAINE DECHAMUNE,44.30000019073486
2008M3,EZZAHRA,60.600000739097595
2008M3,FOUCHANA FERME GAMOU,43.2999999076128
2008M3,HAMMEM LIF,37.5
2008M3,KHELIDIA CTV,38.5
2008M3,KHELIDIA POMPAGE,26.199999809265137
2008M3,MEGRINE PARC CRDA,42.299999952316284
2008M3,MHAMEDIA DISPENSAIRE,54.700000047683716
2008M3,MORNAG SIDI ZEYED,40.0
2008M3,MORNEG CTV,34.0
2008M3,MORNEG FERME ESSADIR,61.5
2008M3,OUDHNA FERME CHIBOUB,46.0
2008M3,OUZRA AGRI FLORA,43.5
2008M3,RADES OUAFA,38.800000071525574
2008M3,RADES PF,60.50000047683716
2008M4,BEN AROUS I MUNICIPA,21.600000739097595
2008M4,BOUMHEL BASSATINE MU,23.30000001192093
2008M4,CRETEVILLE,3.5
2008M4,DOMAINE DECHAMUNE,0.0
2008M4,EZZAHRA,1.899999976158142
2008M4,FOUCHANA FERME GAMOU,20.10000005364418
2008M4,HAMMEM LIF,18.0
2008M4,KHELIDIA CTV,20.59999990463257
2008M4,KHELIDIA POMPAGE,11.5
2008M4,MEGRINE PARC CRDA,19.899999916553497
2008M4,MHAMEDIA DISPENSAIRE,3.800000011920929
2008M4,MORNAG SIDI ZEYED,4.0
2008M4,MORNEG CTV,27.5
2008M4,MORNEG FERME ESSADIR,5.0
2008M4,OUDHNA FERME CHIBOUB,0.0
2008M4,OUZRA AGRI FLORA,21.0
2008M4,RADES OUAFA,2.0
2008M4,RADES PF,2.7000001072883606
2008M5,BEN AROUS I MUNICIPA,21.800000071525574
2008M5,BOUMHEL BASSATINE MU,14.5
2008M5,CRETEVILLE,23.0
2008M5,DOMAINE DECHAMUNE,3.5
2008M5,EZZAHRA,18.600000023841858
2008M5,FOUCHANA FERME GAMOU,32.70000024139881
2008M5,HAMMEM LIF,16.5
2008M5,KHELIDIA CTV,19.200000047683716
2008M5,KHELIDIA POMPAGE,20.5
2008M5,MEGRINE PARC CRDA,23.499999225139618
2008M5,MHAMEDIA DISPENSAIRE,16.400000035762787
2008M5,MORNAG SIDI ZEYED,15.0
2008M5,MORNEG CTV,25.700000047683716
2008M5,MORNEG FERME ESSADIR,26.0
2008M5,OUDHNA FERME CHIBOUB,26.0
2008M5,OUZRA AGRI FLORA,21.0
2008M5,RADES OUAFA,20.699999809265137
2008M5,RADES PF,16.700000047683716
2008M6,BEN AROUS I MUNICIPA,0.800000011920929
2008M6,BOUMHEL BASSATINE MU,0.0
2008M6,CRETEVILLE,1.0
2008M6,DOMAINE DECHAMUNE,0.0
2008M6,EZZAHRA,0.0
2008M6,FOUCHANA FERME GAMOU,3.299999952316284
2008M6,HAMMEM LIF,0.0
2008M6,KHELIDIA CTV,0.0
2008M6,KHELIDIA POMPAGE,0.0
2008M6,MEGRINE PARC CRDA,1.600000023841858
2008M6,MHAMEDIA DISPENSAIRE,1.100000023841858
2008M6,MORNAG SIDI ZEYED,0.0
2008M6,MORNEG CTV,0.0
2008M6,MORNEG FERME ESSADIR,0.0
2008M6,OUDHNA FERME CHIBOUB,0.0
2008M6,OUZRA AGRI FLORA,0.0
2008M6,RADES OUAFA,3.700000047683716
2008M6,RADES PF,5.5
2008M7,BEN AROUS I MUNICIPA,0.0
2008M7,BOUMHEL BASSATINE MU,0.0
2008M7,CRETEVILLE,0.0
2008M7,DOMAINE DECHAMUNE,0.0
2008M7,EZZAHRA,0.0
2008M7,FOUCHANA FERME GAMOU,0.0
2008M7,HAMMEM LIF,0.0
2008M7,KHELIDIA CTV,0.0
2008M7,KHELIDIA POMPAGE,0.0
2008M7,MEGRINE PARC CRDA,0.0
2008M7,MHAMEDIA DISPENSAIRE,0.0
2008M7,MORNAG SIDI ZEYED,0.0
2008M7,MORNEG CTV,0.0
2008M7,MORNEG FERME ESSADIR,0.0
2008M7,OUDHNA FERME CHIBOUB,0.0
2008M7,OUZRA AGRI FLORA,0.0
2008M7,RADES OUAFA,0.0
2008M7,RADES PF,0.5
2008M8,BEN AROUS I MUNICIPA,0.0
2008M8,BOUMHEL BASSATINE MU,0.0
2008M8,CRETEVILLE,0.0
2008M8,DOMAINE DECHAMUNE,0.0
2008M8,EZZAHRA,0.0
2008M8,FOUCHANA FERME GAMOU,0.0
2008M8,HAMMEM LIF,0.0
2008M8,KHELIDIA CTV,0.0
2008M8,KHELIDIA POMPAGE,0.0
2008M8,MEGRINE PARC CRDA,0.0
2008M8,MHAMEDIA DISPENSAIRE,0.0
2008M8,MORNAG SIDI ZEYED,0.0
2008M8,MORNEG CTV,0.0
2008M8,MORNEG FERME ESSADIR,0.0
2008M8,OUDHNA FERME CHIBOUB,0.0
2008M8,OUZRA AGRI FLORA,0.0
2008M8,RADES OUAFA,0.0
2008M8,RADES PF,0.0
2008M9,BEN AROUS I MUNICIPA,42.000000298023224
2008M9,BOUMHEL BASSATINE MU,25.80000001192093
2008M9,CRETEVILLE,22.0
2008M9,DOMAINE DECHAMUNE,10.0
2008M9,EZZAHRA,35.60000044107437
2008M9,FOUCHANA FERME GAMOU,33.900000005960464
2008M9,HAMMEM LIF,37.111379559866236
2008M9,KHELIDIA CTV,34.5
2008M9,KHELIDIA POMPAGE,11.5
2008M9,MEGRINE PARC CRDA,38.10000018030405
2008M9,MHAMEDIA DISPENSAIRE,41.89999997615814
2008M9,MORNAG SIDI ZEYED,48.0
2008M9,MORNEG CTV,26.799999952316284
2008M9,MORNEG FERME ESSADIR,34.0
2008M9,OUDHNA FERME CHIBOUB,20.0
2008M9,OUZRA AGRI FLORA,24.0
2008M9,RADES OUAFA,0.0
2008M9,RADES PF,26.799999952316284
2009M1,BEN AROUS I MUNICIPA,129.40000028908253
2009M1,BOUMHEL BASSATINE MU,130.0
2009M1,CRETEVILLE,211.0
2009M1,DOMAINE DECHAMUNE,153.5
2009M1,EZZAHRA,125.49999929219484
2009M1,FOUCHANA FERME GAMOU,145.70000002533197
2009M1,HAMMEM LIF,38.34842554519511
2009M1,KHELIDIA CTV,133.70000004768372
2009M1,KHELIDIA POMPAGE,130.40000000596046
2009M1,MEGRINE PARC CRDA,125.39999967813492
2009M1,MHAMEDIA DISPENSAIRE,142.10000012815
2009M1,MORNAG SIDI ZEYED,177.19999980926514
2009M1,MORNEG CTV,146.99999821186066
2009M1,MORNEG FERME ESSADIR,141.5
2009M1,OUDHNA FERME CHIBOUB,116.0
2009M1,OUZRA AGRI FLORA,125.0
2009M1,RADES OUAFA,92.60000020265579
2009M1,RADES PF,146.99999821186066
2009M10,BEN AROUS I MUNICIPA,30.800000369548798
2009M10,BOUMHEL BASSATINE MU,72.5
2009M10,CRETEVILLE,0.0
2009M10,DOMAINE DECHAMUNE,41.5
2009M10,EZZAHRA,38.34842554519511
2009M10,FOUCHANA FERME GAMOU,45.400000005960464
2009M10,HAMMEM LIF,55.80000019073486
2009M10,KHELIDIA CTV,34.5
2009M10,KHELIDIA POMPAGE,26.0
2009M10,MEGRINE PARC CRDA,35.000000298023224
2009M10,MHAMEDIA DISPENSAIRE,39.499999940395355
2009M10,MORNAG SIDI ZEYED,52.5
2009M10,MORNEG CTV,45.89999967813492
2009M10,MORNEG FERME ESSADIR,47.0
2009M10,OUDHNA FERME CHIBOUB,33.0
2009M10,OUZRA AGRI FLORA,53.5
2009M10,RADES OUAFA,38.34842554519511
2009M10,RADES PF,31.099999845027924
2009M11,BEN AROUS I MUNICIPA,36.20000118017197
2009M11,BOUMHEL BASSATINE MU,44.0
2009M11,CRETEVILLE,43.0
2009M11,DOMAINE DECHAMUNE,34.5
2009M11,EZZAHRA,37.111379559866236
2009M11,FOUCHANA FERME GAMOU,39.19999980926514
2009M11,HAMMEM LIF,29.900000669062138
2009M11,KHELIDIA CTV,33.0
2009M11,KHELIDIA POMPAGE,29.0
2009M11,MEGRINE PARC CRDA,37.20000076293945
2009M11,MHAMEDIA DISPENSAIRE,38.20000000298023
2009M11,MORNAG SIDI ZEYED,31.0
2009M11,MORNEG CTV,37.19999980926514
2009M11,MORNEG FERME ESSADIR,37.5
2009M11,OUDHNA FERME CHIBOUB,45.0
2009M11,OUZRA AGRI FLORA,32.0
2009M11,RADES OUAFA,37.111379559866236
2009M11,RADES PF,26.700000077486038
2009M12,BEN AROUS I MUNICIPA,21.800000190734863
2009M12,BOUMHEL BASSATINE MU,14.5
2009M12,CRETEVILLE,49.0
2009M12,DOMAINE DECHAMUNE,12.5
2009M12,EZZAHRA,38.34842554519511
2009M12,FOUCHANA FERME GAMOU,24.700000002980232
2009M12,HAMMEM LIF,7.400000192224979
2009M12,KHELIDIA CTV,14.0
2009M12,KHELIDIA POMPAGE,10.0
2009M12,MEGRINE PARC CRDA,16.900000154972076
2009M12,MHAMEDIA DISPENSAIRE,17.399999976158142
2009M12,MORNAG SIDI ZEYED,16.0
2009M12,MORNEG CTV,14.799999833106995
2009M12,MORNEG FERME ESSADIR,15.0
2009M12,OUDHNA FERME CHIBOUB,8.0
2009M12,OUZRA AGRI FLORA,14.0
2009M12,RADES OUAFA,38.34842554519511
2009M12,RADES PF,18.0
2009M2,BEN AROUS I MUNICIPA,115.5999984741211
2009M2,BOUMHEL BASSATINE MU,95.0
2009M2,CRETEVILLE,144.5
2009M2,DOMAINE DECHAMUNE,106.0
2009M2,EZZAHRA,84.40000069141388
2009M2,FOUCHANA FERME GAMOU,115.10000029206276
2009M2,HAMMEM LIF,34.63728758920849
2009M2,KHELIDIA CTV,95.0
2009M2,KHELIDIA POMPAGE,84.30000019073486
2009M2,MEGRINE PARC CRDA,109.30000042915344
2009M2,MHAMEDIA DISPENSAIRE,92.50000014901161
2009M2,MORNAG SIDI ZEYED,91.5
2009M2,MORNEG CTV,99.49999958276749
2009M2,MORNEG FERME ESSADIR,98.5
2009M2,OUDHNA FERME CHIBOUB,91.0
2009M2,OUZRA AGRI FLORA,66.5
2009M2,RADES OUAFA,84.00000071525574
2009M2,RADES PF,99.49999958276749
2009M3,BEN AROUS I MUNICIPA,34.1999996304512
2009M3,BOUMHEL BASSATINE MU,35.0
2009M3,CRETEVILLE,79.5
2009M3,DOMAINE DECHAMUNE,26.0
2009M3,EZZAHRA,42.69999897480011
2009M3,FOUCHANA FERME GAMOU,36.599999606609344
2009M3,HAMMEM LIF,38.34842554519511
2009M3,KHELIDIA CTV,30.0
2009M3,KHELIDIA POMPAGE,11.700000002980232
2009M3,MEGRINE PARC CRDA,36.60000002384186
2009M3,MHAMEDIA DISPENSAIRE,37.10000014305115
2009M3,MORNAG SIDI ZEYED,37.5
2009M3,MORNEG CTV,32.90000033378601
2009M3,MORNEG FERME ESSADIR,36.0
2009M3,OUDHNA FERME CHIBOUB,14.0
2009M3,OUZRA AGRI FLORA,41.5
2009M3,RADES OUAFA,23.0
2009M3,RADES PF,32.90000033378601
2009M4,BEN AROUS I MUNICIPA,162.10000228881836
2009M4,BOUMHEL BASSATINE MU,159.5
2009M4,CRETEVILLE,307.0
2009M4,DOMAINE DECHAMUNE,179.0
2009M4,EZZAHRA,154.4000025987625
2009M4,FOUCHANA FERME GAMOU,209.10000003874302
2009M4,HAMMEM LIF,37.111379559866236
2009M4,KHELIDIA CTV,196.0
2009M4,KHELIDIA POMPAGE,193.0
2009M4,MEGRINE PARC CRDA,125.90000021457672
2009M4,MHAMEDIA DISPENSAIRE,200.09999838471413
2009M4,MORNAG SIDI ZEYED,182.0
2009M4,MORNEG CTV,176.799999833107
2009M4,MORNEG FERME ESSADIR,188.5
2009M4,OUDHNA FERME CHIBOUB,200.0
2009M4,OUZRA AGRI FLORA,153.5
2009M4,RADES OUAFA,137.50000178813934
2009M4,RADES PF,176.799999833107
2009M5,BEN AROUS I MUNICIPA,1.7999999672174454
2009M5,BOUMHEL BASSATINE MU,2.0
2009M5,CRETEVILLE,0.0
2009M5,DOMAINE DECHAMUNE,6.5
2009M5,EZZAHRA,2.700000047683716
2009M5,FOUCHANA FERME GAMOU,9.700000047683716
2009M5,HAMMEM LIF,38.34842554519511
2009M5,KHELIDIA CTV,5.5
2009M5,KHELIDIA POMPAGE,3.0
2009M5,MEGRINE PARC CRDA,1.0
2009M5,MHAMEDIA DISPENSAIRE,5.899999976158142
2009M5,MORNAG SIDI ZEYED,7.5
2009M5,MORNEG CTV,5.700000047683716
2009M5,MORNEG FERME ESSADIR,6.0
2009M5,OUDHNA FERME CHIBOUB,5.0
2009M5,OUZRA AGRI FLORA,8.0
2009M5,RADES OUAFA,2.300000011920929
2009M5,RADES PF,5.700000047683716
2009M6,BEN AROUS I MUNICIPA,0.0
2009M6,BOUMHEL BASSATINE MU,0.5
2009M6,CRETEVILLE,0.0
2009M6,DOMAINE DECHAMUNE,0.0
2009M6,EZZAHRA,0.0
2009M6,FOUCHANA FERME GAMOU,1.5
2009M6,HAMMEM LIF,37.111379559866236
2009M6,KHELIDIA CTV,0.0
2009M6,KHELIDIA POMPAGE,0.0
2009M6,MEGRINE PARC CRDA,0.0
2009M6,MHAMEDIA DISPENSAIRE,1.600000023841858
2009M6,MORNAG SIDI ZEYED,0.0
2009M6,MORNEG CTV,0.5
2009M6,MORNEG FERME ESSADIR,0.0
2009M6,OUDHNA FERME CHIBOUB,0.0
2009M6,OUZRA AGRI FLORA,0.0
2009M6,RADES OUAFA,0.0
2009M6,RADES PF,0.5
2009M7,BEN AROUS I MUNICIPA,0.0
2009M7,BOUMHEL BASSATINE MU,0.0
2009M7,CRETEVILLE,0.0
2009M7,DOMAINE DECHAMUNE,0.0
2009M7,EZZAHRA,0.0
2009M7,FOUCHANA FERME GAMOU,0.5
2009M7,HAMMEM LIF,38.34842554519511
2009M7,KHELIDIA CTV,0.0
2009M7,KHELIDIA POMPAGE,0.0
2009M7,MEGRINE PARC CRDA,0.0
2009M7,MHAMEDIA DISPENSAIRE,0.0
2009M7,MORNAG SIDI ZEYED,0.0
2009M7,MORNEG CTV,0.0
2009M7,MORNEG FERME ESSADIR,0.0
2009M7,OUDHNA FERME CHIBOUB,0.0
2009M7,OUZRA AGRI FLORA,0.0
2009M7,RADES OUAFA,0.0
2009M7,RADES PF,0.0
2009M8,BEN AROUS I MUNICIPA,10.29999989271164
2009M8,BOUMHEL BASSATINE MU,8.0
2009M8,CRETEVILLE,53.0
2009M8,DOMAINE DECHAMUNE,64.0
2009M8,EZZAHRA,10.400000095367432
2009M8,FOUCHANA FERME GAMOU,23.900000005960464
2009M8,HAMMEM LIF,38.34842554519511
2009M8,KHELIDIA CTV,29.5
2009M8,KHELIDIA POMPAGE,23.0
2009M8,MEGRINE PARC CRDA,11.0
2009M8,MHAMEDIA DISPENSAIRE,29.499999821186066
2009M8,MORNAG SIDI ZEYED,58.0
2009M8,MORNEG CTV,19.100000023841858
2009M8,MORNEG FERME ESSADIR,6.0
2009M8,OUDHNA FERME CHIBOUB,24.0
2009M8,OUZRA AGRI FLORA,38.0
2009M8,RADES OUAFA,7.299999952316284
2009M8,RADES PF,19.100000023841858
2009M9,BEN AROUS I MUNICIPA,59.80000001192093
2009M9,BOUMHEL BASSATINE MU,97.0
2009M9,CRETEVILLE,49.0
2009M9,DOMAINE DECHAMUNE,64.5
2009M9,EZZAHRA,37.111379559866236
2009M9,FOUCHANA FERME GAMOU,56.5
2009M9,HAMMEM LIF,45.50000047683716
2009M9,KHELIDIA CTV,76.5
2009M9,KHELIDIA POMPAGE,78.00000023841858
2009M9,MEGRINE PARC CRDA,70.40000009536743
2009M9,MHAMEDIA DISPENSAIRE,51.099999606609344
2009M9,MORNAG SIDI ZEYED,62.10000038146973
2009M9,MORNEG CTV,100.0
2009M9,MORNEG FERME ESSADIR,88.0
2009M9,OUDHNA FERME CHIBOUB,142.0
2009M9,OUZRA AGRI FLORA,49.0
2009M9,RADES OUAFA,37.111379559866236
2009M9,RADES PF,70.70000052452087
2010M1,BEN AROUS I MUNICIPA,32.40000048279762
2010M1,BOUMHEL BASSATINE MU,26.0
2010M1,CRETEVILLE,57.30000019073486
2010M1,DOMAINE DECHAMUNE,37.0
2010M1,EZZAHRA,38.34842554519511
2010M1,FOUCHANA FERME GAMOU,33.700000047683716
2010M1,HAMMEM LIF,20.20000010728836
2010M1,KHELIDIA CTV,26.5
2010M1,KHELIDIA POMPAGE,23.30000001192093
2010M1,MEGRINE PARC CRDA,31.19999986886978
2010M1,MHAMEDIA DISPENSAIRE,29.19999998807907
2010M1,MORNAG SIDI ZEYED,25.5
2010M1,MORNEG CTV,30.799999609589577
2010M1,MORNEG FERME ESSADIR,33.5
2010M1,OUDHNA FERME CHIBOUB,30.0
2010M1,OUZRA AGRI FLORA,30.5
2010M1,RADES OUAFA,38.34842554519511
2010M1,RADES PF,29.40000021457672
2010M10,BEN AROUS I MUNICIPA,50.900000631809235
2010M10,BOUMHEL BASSATINE MU,51.5
2010M10,CRETEVILLE,50.40000021457672
2010M10,DOMAINE DECHAMUNE,66.5
2010M10,EZZAHRA,33.7999999076128
2010M10,FOUCHANA FERME GAMOU,87.70000004768372
2010M10,HAMMEM LIF,38.60000038146973
2010M10,KHELIDIA CTV,64.0
2010M10,KHELIDIA POMPAGE,72.5
2010M10,MEGRINE PARC CRDA,53.10000002384186
2010M10,MHAMEDIA DISPENSAIRE,53.5
2010M10,MORNAG SIDI ZEYED,61.19999980926514
2010M10,MORNEG CTV,51.00000035762787
2010M10,MORNEG FERME ESSADIR,59.5
2010M10,OUDHNA FERME CHIBOUB,33.0
2010M10,OUZRA AGRI FLORA,30.0
2010M10,RADES OUAFA,38.34842554519511
2010M10,RADES PF,34.89999943971634
2010M11,BEN AROUS I MUNICIPA,60.79999977350235
2010M11,BOUMHEL BASSATINE MU,86.0
2010M11,CRETEVILLE,88.5
2010M11,DOMAINE DECHAMUNE,68.0
2010M11,EZZAHRA,51.49999898672104
2010M11,FOUCHANA FERME GAMOU,67.40000003576279
2010M11,HAMMEM LIF,43.5
2010M11,KHELIDIA CTV,72.5
2010M11,KHELIDIA POMPAGE,79.5
2010M11,MEGRINE PARC CRDA,57.0
2010M11,MHAMEDIA DISPENSAIRE,63.40000009536743
2010M11,MORNAG SIDI ZEYED,68.69999980926514
2010M11,MORNEG CTV,87.20000034570694
2010M11,MORNEG FERME ESSADIR,78.0
2010M11,OUDHNA FERME CHIBOUB,43.0
2010M11,OUZRA AGRI FLORA,53.0
2010M11,RADES OUAFA,37.111379559866236
2010M11,RADES PF,41.999999955296516
2010M12,BEN AROUS I MUNICIPA,10.49999988079071
2010M12,BOUMHEL BASSATINE MU,9.0
2010M12,CRETEVILLE,11.5
2010M12,DOMAINE DECHAMUNE,6.0
2010M12,EZZAHRA,6.80000002682209
2010M12,FOUCHANA FERME GAMOU,9.800000011920929
2010M12,HAMMEM LIF,3.0
2010M12,KHELIDIA CTV,11.0
2010M12,KHELIDIA POMPAGE,9.700000002980232
2010M12,MEGRINE PARC CRDA,7.0
2010M12,MHAMEDIA DISPENSAIRE,6.300000071525574
2010M12,MORNAG SIDI ZEYED,12.5
2010M12,MORNEG CTV,10.699999928474426
2010M12,MORNEG FERME ESSADIR,11.5
2010M12,OUDHNA FERME CHIBOUB,8.0
2010M12,OUZRA AGRI FLORA,8.0
2010M12,RADES OUAFA,38.34842554519511
2010M12,RADES PF,9.300000011920929
2010M2,BEN AROUS I MUNICIPA,42.10000044107437
2010M2,BOUMHEL BASSATINE MU,48.0
2010M2,CRETEVILLE,34.5
2010M2,DOMAINE DECHAMUNE,35.0
2010M2,EZZAHRA,34.63728758920849
2010M2,FOUCHANA FERME GAMOU,37.200000025331974
2010M2,HAMMEM LIF,30.19999970495701
2010M2,KHELIDIA CTV,15.0
2010M2,KHELIDIA POMPAGE,29.49999976158142
2010M2,MEGRINE PARC CRDA,40.39999979734421
2010M2,MHAMEDIA DISPENSAIRE,37.40000003576279
2010M2,MORNAG SIDI ZEYED,36.0
2010M2,MORNEG CTV,39.4999997317791
2010M2,MORNEG FERME ESSADIR,32.5
2010M2,OUDHNA FERME CHIBOUB,29.0
2010M2,OUZRA AGRI FLORA,33.0
2010M2,RADES OUAFA,34.63728758920849
2010M2,RADES PF,31.500000402331352
2010M3,BEN AROUS I MUNICIPA,78.4000019133091
2010M3,BOUMHEL BASSATINE MU,78.0
2010M3,CRETEVILLE,80.0
2010M3,DOMAINE DECHAMUNE,84.0
2010M3,EZZAHRA,38.34842554519511
2010M3,FOUCHANA FERME GAMOU,70.10000002384186
2010M3,HAMMEM LIF,71.09999997913837
2010M3,KHELIDIA CTV,84.0
2010M3,KHELIDIA POMPAGE,75.5
2010M3,MEGRINE PARC CRDA,71.4000015258789
2010M3,MHAMEDIA DISPENSAIRE,69.70000113546848
2010M3,MORNAG SIDI ZEYED,74.5
2010M3,MORNEG CTV,77.80000019073486
2010M3,MORNEG FERME ESSADIR,78.5
2010M3,OUDHNA FERME CHIBOUB,69.0
2010M3,OUZRA AGRI FLORA,75.0
2010M3,RADES OUAFA,38.34842554519511
2010M3,RADES PF,33.40000034868717
2010M4,BEN AROUS I MUNICIPA,48.3999999165535
2010M4,BOUMHEL BASSATINE MU,47.0
2010M4,CRETEVILLE,38.5
2010M4,DOMAINE DECHAMUNE,46.5
2010M4,EZZAHRA,37.111379559866236
2010M4,FOUCHANA FERME GAMOU,42.699999928474426
2010M4,HAMMEM LIF,39.900000154972076
2010M4,KHELIDIA CTV,60.5
2010M4,KHELIDIA POMPAGE,52.700000047683716
2010M4,MEGRINE PARC CRDA,46.200000047683716
2010M4,MHAMEDIA DISPENSAIRE,46.59999996423721
2010M4,MORNAG SIDI ZEYED,47.0
2010M4,MORNEG CTV,49.89999961853027
2010M4,MORNEG FERME ESSADIR,57.0
2010M4,OUDHNA FERME CHIBOUB,49.0
2010M4,OUZRA AGRI FLORA,53.0
2010M4,RADES OUAFA,37.111379559866236
2010M4,RADES PF,30.19999998807907
2010M5,BEN AROUS I MUNICIPA,52.799999952316284
2010M5,BOUMHEL BASSATINE MU,53.5
2010M5,CRETEVILLE,119.0
2010M5,DOMAINE DECHAMUNE,6.0999999940395355
2010M5,EZZAHRA,38.34842554519511
2010M5,FOUCHANA FERME GAMOU,81.20000000298023
2010M5,HAMMEM LIF,71.40000104904175
2010M5,KHELIDIA CTV,9.0
2010M5,KHELIDIA POMPAGE,26.0
2010M5,MEGRINE PARC CRDA,40.200000047683716
2010M5,MHAMEDIA DISPENSAIRE,91.70000004768372
2010M5,MORNAG SIDI ZEYED,51.5
2010M5,MORNEG CTV,132.79999995231628
2010M5,MORNEG FERME ESSADIR,37.0
2010M5,OUDHNA FERME CHIBOUB,74.0
2010M5,OUZRA AGRI FLORA,36.0
2010M5,RADES OUAFA,38.34842554519511
2010M5,RADES PF,45.40000092983246
2010M6,BEN AROUS I MUNICIPA,0.30000001192092896
2010M6,BOUMHEL BASSATINE MU,1.2000000476837158
2010M6,CRETEVILLE,0.0
2010M6,DOMAINE DECHAMUNE,0.0
2010M6,EZZAHRA,37.111379559866236
2010M6,FOUCHANA FERME GAMOU,1.300000011920929
2010M6,HAMMEM LIF,0.5
2010M6,KHELIDIA CTV,4.5
2010M6,KHELIDIA POMPAGE,3.0
2010M6,MEGRINE PARC CRDA,0.0
2010M6,MHAMEDIA DISPENSAIRE,0.5
2010M6,MORNAG SIDI ZEYED,0.0
2010M6,MORNEG CTV,6.200000047683716
2010M6,MORNEG FERME ESSADIR,5.5
2010M6,OUDHNA FERME CHIBOUB,0.0
2010M6,OUZRA AGRI FLORA,0.0
2010M6,RADES OUAFA,37.111379559866236
2010M6,RADES PF,1.8000000715255737
2010M7,BEN AROUS I MUNICIPA,0.0
2010M7,BOUMHEL BASSATINE MU,0.0
2010M7,CRETEVILLE,0.0
2010M7,DOMAINE DECHAMUNE,0.0
2010M7,EZZAHRA,38.34842554519511
2010M7,FOUCHANA FERME GAMOU,0.0
2010M7,HAMMEM LIF,0.0
2010M7,KHELIDIA CTV,0.0
2010M7,KHELIDIA POMPAGE,0.0
2010M7,MEGRINE PARC CRDA,0.0
2010M7,MHAMEDIA DISPENSAIRE,0.0
2010M7,MORNAG SIDI ZEYED,0.0
2010M7,MORNEG CTV,0.0
2010M7,MORNEG FERME ESSADIR,0.0
2010M7,OUDHNA FERME CHIBOUB,0.0
2010M7,OUZRA AGRI FLORA,0.0
2010M7,RADES OUAFA,38.34842554519511
2010M7,RADES PF,34.29999911785126
2010M8,BEN AROUS I MUNICIPA,0.0
2010M8,BOUMHEL BASSATINE MU,0.0
2010M8,CRETEVILLE,0.0
2010M8,DOMAINE DECHAMUNE,0.0
2010M8,EZZAHRA,38.34842554519511
2010M8,FOUCHANA FERME GAMOU,0.0
2010M8,HAMMEM LIF,0.0
2010M8,KHELIDIA CTV,0.0
2010M8,KHELIDIA POMPAGE,0.0
2010M8,MEGRINE PARC CRDA,0.0
2010M8,MHAMEDIA DISPENSAIRE,5.0
2010M8,MORNAG SIDI ZEYED,0.0
2010M8,MORNEG CTV,0.0
2010M8,MORNEG FERME ESSADIR,1.0
2010M8,OUDHNA FERME CHIBOUB,0.0
2010M8,OUZRA AGRI FLORA,0.0
2010M8,RADES OUAFA,38.34842554519511
2010M8,RADES PF,1.2999999523162842
2010M9,BEN AROUS I MUNICIPA,69.89999741315842
2010M9,BOUMHEL BASSATINE MU,53.0
2010M9,CRETEVILLE,51.5
2010M9,DOMAINE DECHAMUNE,41.0
2010M9,EZZAHRA,51.0
2010M9,FOUCHANA FERME GAMOU,54.79999989271164
2010M9,HAMMEM LIF,55.0
2010M9,KHELIDIA CTV,49.0
2010M9,KHELIDIA POMPAGE,35.20000097155571
2010M9,MEGRINE PARC CRDA,71.90000009536743
2010M9,MHAMEDIA DISPENSAIRE,47.0
2010M9,MORNAG SIDI ZEYED,47.0
2010M9,MORNEG CTV,65.0
2010M9,MORNEG FERME ESSADIR,78.5
2010M9,OUDHNA FERME CHIBOUB,53.0
2010M9,OUZRA AGRI FLORA,44.0
2010M9,RADES OUAFA,37.111379559866236
2010M9,RADES PF,41.79999911785126
2011M1,BEN AROUS I MUNICIPA,16.200000405311584
2011M1,BOUMHEL BASSATINE MU,12.0
2011M1,CRETEVILLE,28.0
2011M1,DOMAINE DECHAMUNE,20.0
2011M1,EZZAHRA,32.40000021457672
2011M1,FOUCHANA FERME GAMOU,12.5
2011M1,HAMMEM LIF,13.5
2011M1,KHELIDIA CTV,30.0
2011M1,KHELIDIA POMPAGE,22.5
2011M1,MEGRINE PARC CRDA,16.0
2011M1,MHAMEDIA DISPENSAIRE,9.5
2011M1,MORNAG SIDI ZEYED,34.0
2011M1,MORNEG CTV,10.800000190734863
2011M1,MORNEG FERME ESSADIR,45.5
2011M1,OUDHNA FERME CHIBOUB,14.0
2011M1,OUZRA AGRI FLORA,24.0
2011M1,RADES OUAFA,38.34842554519511
2011M1,RADES PF,11.0
2011M10,BEN AROUS I MUNICIPA,189.29999923706055
2011M10,BOUMHEL BASSATINE MU,241.5
2011M10,CRETEVILLE,271.0
2011M10,DOMAINE DECHAMUNE,238.0
2011M10,EZZAHRA,227.0
2011M10,FOUCHANA FERME GAMOU,151.0
2011M10,HAMMEM LIF,243.0
2011M10,KHELIDIA CTV,170.0
2011M10,KHELIDIA POMPAGE,160.79999995231628
2011M10,MEGRINE PARC CRDA,211.0
2011M10,MHAMEDIA DISPENSAIRE,260.2000000476837
2011M10,MORNAG SIDI ZEYED,233.0
2011M10,MORNEG CTV,280.6000008583069
2011M10,MORNEG FERME ESSADIR,235.5
2011M10,OUDHNA FERME CHIBOUB,141.0
2011M10,OUZRA AGRI FLORA,193.0
2011M10,RADES OUAFA,38.34842554519511
2011M10,RADES PF,144.7999990284443
2011M11,BEN AROUS I MUNICIPA,84.09999918937683
2011M11,BOUMHEL BASSATINE MU,51.5
2011M11,CRETEVILLE,74.0
2011M11,DOMAINE DECHAMUNE,96.0
2011M11,EZZAHRA,0.0
2011M11,FOUCHANA FERME GAMOU,80.70000000298023
2011M11,HAMMEM LIF,37.59999990463257
2011M11,KHELIDIA CTV,125.0
2011M11,KHELIDIA POMPAGE,96.0
2011M11,MEGRINE PARC CRDA,49.5
2011M11,MHAMEDIA DISPENSAIRE,26.0
2011M11,MORNAG SIDI ZEYED,122.5
2011M11,MORNEG CTV,68.50000047683716
2011M11,MORNEG FERME ESSADIR,65.5
2011M11,OUDHNA FERME CHIBOUB,108.0
2011M11,OUZRA AGRI FLORA,140.0
2011M11,RADES OUAFA,37.111379559866236
2011M11,RADES PF,25.400000154972076
2011M12,BEN AROUS I MUNICIPA,85.30000180006027
2011M12,BOUMHEL BASSATINE MU,91.5
2011M12,CRETEVILLE,92.0
2011M12,DOMAINE DECHAMUNE,73.5
2011M12,EZZAHRA,89.1999980211258
2011M12,FOUCHANA FERME GAMOU,73.30000001192093
2011M12,HAMMEM LIF,60.0
2011M12,KHELIDIA CTV,80.5
2011M12,KHELIDIA POMPAGE,29.700000017881393
2011M12,MEGRINE PARC CRDA,92.0
2011M12,MHAMEDIA DISPENSAIRE,67.0
2011M12,MORNAG SIDI ZEYED,75.69999980926514
2011M12,MORNEG CTV,92.80000001192093
2011M12,MORNEG FERME ESSADIR,80.5
2011M12,OUDHNA FERME CHIBOUB,61.0
2011M12,OUZRA AGRI FLORA,27.0
2011M12,RADES OUAFA,38.34842554519511
2011M12,RADES PF,59.59999945759773
2011M2,BEN AROUS I MUNICIPA,74.10000038146973
2011M2,BOUMHEL BASSATINE MU,84.0
2011M2,CRETEVILLE,110.0
2011M2,DOMAINE DECHAMUNE,87.0
2011M2,EZZAHRA,90.1999985575676
2011M2,FOUCHANA FERME GAMOU,82.5
2011M2,HAMMEM LIF,59.69999980926514
2011M2,KHELIDIA CTV,95.0
2011M2,KHELIDIA POMPAGE,62.60000038146973
2011M2,MEGRINE PARC CRDA,77.0
2011M2,MHAMEDIA DISPENSAIRE,76.0
2011M2,MORNAG SIDI ZEYED,116.0
2011M2,MORNEG CTV,82.09999990463257
2011M2,MORNEG FERME ESSADIR,64.0
2011M2,OUDHNA FERME CHIBOUB,78.0
2011M2,OUZRA AGRI FLORA,102.0
2011M2,RADES OUAFA,34.63728758920849
2011M2,RADES PF,60.799999713897705
2011M3,BEN AROUS I MUNICIPA,38.69999957084656
2011M3,BOUMHEL BASSATINE MU,31.5
2011M3,CRETEVILLE,17.5
2011M3,DOMAINE DECHAMUNE,30.0
2011M3,EZZAHRA,46.39999967813492
2011M3,FOUCHANA FERME GAMOU,33.5
2011M3,HAMMEM LIF,15.5
2011M3,KHELIDIA CTV,33.5
2011M3,KHELIDIA POMPAGE,34.80000019073486
2011M3,MEGRINE PARC CRDA,33.0
2011M3,MHAMEDIA DISPENSAIRE,27.69999998807907
2011M3,MORNAG SIDI ZEYED,38.0
2011M3,MORNEG CTV,52.5
2011M3,MORNEG FERME ESSADIR,44.0
2011M3,OUDHNA FERME CHIBOUB,16.0
2011M3,OUZRA AGRI FLORA,58.0
2011M3,RADES OUAFA,38.34842554519511
2011M3,RADES PF,30.09999990463257
2011M4,BEN AROUS I MUNICIPA,81.49999833106995
2011M4,BOUMHEL BASSATINE MU,79.5
2011M4,CRETEVILLE,0.0
2011M4,DOMAINE DECHAMUNE,31.0
2011M4,EZZAHRA,53.40000069141388
2011M4,FOUCHANA FERME GAMOU,86.00000001490116
2011M4,HAMMEM LIF,22.299999952316284
2011M4,KHELIDIA CTV,61.0
2011M4,KHELIDIA POMPAGE,64.0
2011M4,MEGRINE PARC CRDA,77.0
2011M4,MHAMEDIA DISPENSAIRE,95.0
2011M4,MORNAG SIDI ZEYED,54.0
2011M4,MORNEG CTV,61.39999985694885
2011M4,MORNEG FERME ESSADIR,61.5
2011M4,OUDHNA FERME CHIBOUB,56.0
2011M4,OUZRA AGRI FLORA,58.0
2011M4,RADES OUAFA,37.111379559866236
2011M4,RADES PF,38.19999957084656
2011M5,BEN AROUS I MUNICIPA,35.09999990463257
2011M5,BOUMHEL BASSATINE MU,31.5
2011M5,CRETEVILLE,0.0
2011M5,DOMAINE DECHAMUNE,28.0
2011M5,EZZAHRA,23.20000024139881
2011M5,FOUCHANA FERME GAMOU,30.5
2011M5,HAMMEM LIF,32.0
2011M5,KHELIDIA CTV,40.0
2011M5,KHELIDIA POMPAGE,23.5
2011M5,MEGRINE PARC CRDA,38.0
2011M5,MHAMEDIA DISPENSAIRE,32.0
2011M5,MORNAG SIDI ZEYED,29.5
2011M5,MORNEG CTV,37.69999980926514
2011M5,MORNEG FERME ESSADIR,33.0
2011M5,OUDHNA FERME CHIBOUB,20.0
2011M5,OUZRA AGRI FLORA,29.0
2011M5,RADES OUAFA,38.34842554519511
2011M5,RADES PF,19.199999749660492
2011M6,BEN AROUS I MUNICIPA,21.5
2011M6,BOUMHEL BASSATINE MU,14.5
2011M6,CRETEVILLE,0.0
2011M6,DOMAINE DECHAMUNE,15.0
2011M6,EZZAHRA,17.600000381469727
2011M6,FOUCHANA FERME GAMOU,36.0
2011M6,HAMMEM LIF,22.0
2011M6,KHELIDIA CTV,15.0
2011M6,KHELIDIA POMPAGE,23.69999998807907
2011M6,MEGRINE PARC CRDA,18.5
2011M6,MHAMEDIA DISPENSAIRE,13.5
2011M6,MORNAG SIDI ZEYED,20.0
2011M6,MORNEG CTV,21.499999284744263
2011M6,MORNEG FERME ESSADIR,29.0
2011M6,OUDHNA FERME CHIBOUB,8.0
2011M6,OUZRA AGRI FLORA,0.0
2011M6,RADES OUAFA,37.111379559866236
2011M6,RADES PF,15.699999809265137
2011M7,BEN AROUS I MUNICIPA,0.0
2011M7,BOUMHEL BASSATINE MU,0.0
2011M7,CRETEVILLE,0.0
2011M7,DOMAINE DECHAMUNE,0.0
2011M7,EZZAHRA,0.0
2011M7,FOUCHANA FERME GAMOU,0.0
2011M7,HAMMEM LIF,0.0
2011M7,KHELIDIA CTV,0.0
2011M7,KHELIDIA POMPAGE,0.0
2011M7,MEGRINE PARC CRDA,0.0
2011M7,MHAMEDIA DISPENSAIRE,0.0
2011M7,MORNAG SIDI ZEYED,0.0
2011M7,MORNEG CTV,0.0
2011M7,MORNEG FERME ESSADIR,0.0
2011M7,OUDHNA FERME CHIBOUB,0.0
2011M7,OUZRA AGRI FLORA,0.0
2011M7,RADES OUAFA,38.34842554519511
2011M7,RADES PF,0.0
2011M8,BEN AROUS I MUNICIPA,0.0
2011M8,BOUMHEL BASSATINE MU,0.0
2011M8,CRETEVILLE,0.0
2011M8,DOMAINE DECHAMUNE,5.0
2011M8,EZZAHRA,0.0
2011M8,FOUCHANA FERME GAMOU,0.0
2011M8,HAMMEM LIF,0.0
2011M8,KHELIDIA CTV,0.0
2011M8,KHELIDIA POMPAGE,0.0
2011M8,MEGRINE PARC CRDA,0.0
2011M8,MHAMEDIA DISPENSAIRE,5.0
2011M8,MORNAG SIDI ZEYED,0.0
2011M8,MORNEG CTV,0.0
2011M8,MORNEG FERME ESSADIR,0.0
2011M8,OUDHNA FERME CHIBOUB,0.0
2011M8,OUZRA AGRI FLORA,0.0
2011M8,RADES OUAFA,38.34842554519511
2011M8,RADES PF,0.0
2011M9,BEN AROUS I MUNICIPA,19.099999964237213
2011M9,BOUMHEL BASSATINE MU,31.0
2011M9,CRETEVILLE,20.0
2011M9,DOMAINE DECHAMUNE,15.0
2011M9,EZZAHRA,15.600000381469727
2011M9,FOUCHANA FERME GAMOU,1.800000011920929
2011M9,HAMMEM LIF,30.100000381469727
2011M9,KHELIDIA CTV,10.0
2011M9,KHELIDIA POMPAGE,4.0
2011M9,MEGRINE PARC CRDA,18.0
2011M9,MHAMEDIA DISPENSAIRE,1.5
2011M9,MORNAG SIDI ZEYED,22.0
2011M9,MORNEG CTV,18.200000047683716
2011M9,MORNEG FERME ESSADIR,12.0
2011M9,OUDHNA FERME CHIBOUB,2.0
2011M9,OUZRA AGRI FLORA,28.0
2011M9,RADES OUAFA,37.111379559866236
2011M9,RADES PF,29.900000274181366
2012M1,BEN AROUS I MUNICIPA,36.299999952316284
2012M1,BOUMHEL BASSATINE MU,44.5
2012M1,CRETEVILLE,44.19999998807907
2012M1,DOMAINE DECHAMUNE,49.5
2012M1,EZZAHRA,40.19999946653843
2012M1,FOUCHANA FERME GAMOU,35.49999991059303
2012M1,HAMMEM LIF,27.5
2012M1,KHELIDIA CTV,48.0
2012M1,KHELIDIA POMPAGE,32.0
2012M1,MEGRINE PARC CRDA,45.0
2012M1,MHAMEDIA DISPENSAIRE,28.5
2012M1,MORNAG SIDI ZEYED,41.0
2012M1,MORNEG CTV,46.700000047683716
2012M1,MORNEG FERME ESSADIR,43.5
2012M1,OUDHNA FERME CHIBOUB,41.0
2012M1,OUZRA AGRI FLORA,44.0
2012M1,RADES OUAFA,38.34842554519511
2012M1,RADES PF,29.69999998807907
2012M10,BEN AROUS I MUNICIPA,75.80000013113022
2012M10,BOUMHEL BASSATINE MU,67.0
2012M10,CRETEVILLE,115.0
2012M10,DOMAINE DECHAMUNE,106.0
2012M10,EZZAHRA,85.79999876022339
2012M10,FOUCHANA FERME GAMOU,54.30000001192093
2012M10,HAMMEM LIF,75.0
2012M10,KHELIDIA CTV,89.0
2012M10,KHELIDIA POMPAGE,90.0
2012M10,MEGRINE PARC CRDA,69.0
2012M10,MHAMEDIA DISPENSAIRE,55.0
2012M10,MORNAG SIDI ZEYED,87.0
2012M10,MORNEG CTV,115.299999833107
2012M10,MORNEG FERME ESSADIR,86.0
2012M10,OUDHNA FERME CHIBOUB,18.0
2012M10,OUZRA AGRI FLORA,107.0
2012M10,RADES OUAFA,38.34842554519511
2012M10,RADES PF,56.30000048875809
2012M11,BEN AROUS I MUNICIPA,82.69999945163727
2012M11,BOUMHEL BASSATINE MU,67.0
2012M11,CRETEVILLE,80.0
2012M11,DOMAINE DECHAMUNE,73.5
2012M11,EZZAHRA,105.29999840259552
2012M11,FOUCHANA FERME GAMOU,94.40000000596046
2012M11,HAMMEM LIF,65.30000001192093
2012M11,KHELIDIA CTV,104.5
2012M11,KHELIDIA POMPAGE,135.0
2012M11,MEGRINE PARC CRDA,71.0
2012M11,MHAMEDIA DISPENSAIRE,106.09999990463257
2012M11,MORNAG SIDI ZEYED,73.0
2012M11,MORNEG CTV,71.90000009536743
2012M11,MORNEG FERME ESSADIR,74.5
2012M11,OUDHNA FERME CHIBOUB,56.0
2012M11,OUZRA AGRI FLORA,77.5
2012M11,RADES OUAFA,37.111379559866236
2012M11,RADES PF,39.300000071525574
2012M12,BEN AROUS I MUNICIPA,30.40000033378601
2012M12,BOUMHEL BASSATINE MU,30.5
2012M12,CRETEVILLE,17.0
2012M12,DOMAINE DECHAMUNE,18.0
2012M12,EZZAHRA,17.899999856948853
2012M12,FOUCHANA FERME GAMOU,24.700000047683716
2012M12,HAMMEM LIF,29.09999990463257
2012M12,KHELIDIA CTV,12.0
2012M12,KHELIDIA POMPAGE,32.8999999165535
2012M12,MEGRINE PARC CRDA,30.0
2012M12,MHAMEDIA DISPENSAIRE,25.5
2012M12,MORNAG SIDI ZEYED,24.0
2012M12,MORNEG CTV,26.299999952316284
2012M12,MORNEG FERME ESSADIR,21.200000047683716
2012M12,OUDHNA FERME CHIBOUB,20.0
2012M12,OUZRA AGRI FLORA,16.0
2012M12,RADES OUAFA,38.34842554519511
2012M12,RADES PF,32.799999952316284
2012M2,BEN AROUS I MUNICIPA,79.9999985396862
2012M2,BOUMHEL BASSATINE MU,64.5
2012M2,CRETEVILLE,86.0
2012M2,DOMAINE DECHAMUNE,79.0
2012M2,EZZAHRA,74.69999957084656
2012M2,FOUCHANA FERME GAMOU,87.99999991059303
2012M2,HAMMEM LIF,57.5
2012M2,KHELIDIA CTV,56.0
2012M2,KHELIDIA POMPAGE,50.0
2012M2,MEGRINE PARC CRDA,77.5
2012M2,MHAMEDIA DISPENSAIRE,65.3999999165535
2012M2,MORNAG SIDI ZEYED,77.0
2012M2,MORNEG CTV,81.59999990463257
2012M2,MORNEG FERME ESSADIR,72.5
2012M2,OUDHNA FERME CHIBOUB,56.0
2012M2,OUZRA AGRI FLORA,53.0
2012M2,RADES OUAFA,35.87433357453737
2012M2,RADES PF,46.00000014901161
2012M3,BEN AROUS I MUNICIPA,36.5
2012M3,BOUMHEL BASSATINE MU,27.0
2012M3,CRETEVILLE,51.0
2012M3,DOMAINE DECHAMUNE,44.0
2012M3,EZZAHRA,28.5
2012M3,FOUCHANA FERME GAMOU,37.0
2012M3,HAMMEM LIF,22.5
2012M3,KHELIDIA CTV,52.5
2012M3,KHELIDIA POMPAGE,70.0
2012M3,MEGRINE PARC CRDA,26.5
2012M3,MHAMEDIA DISPENSAIRE,30.59999990463257
2012M3,MORNAG SIDI ZEYED,59.5
2012M3,MORNEG CTV,45.00000047683716
2012M3,MORNEG FERME ESSADIR,47.0
2012M3,OUDHNA FERME CHIBOUB,31.0
2012M3,OUZRA AGRI FLORA,52.0
2012M3,RADES OUAFA,38.34842554519511
2012M3,RADES PF,30.49999964237213
2012M4,BEN AROUS I MUNICIPA,35.90000033378601
2012M4,BOUMHEL BASSATINE MU,18.5
2012M4,CRETEVILLE,29.0
2012M4,DOMAINE DECHAMUNE,43.5
2012M4,EZZAHRA,6.399999976158142
2012M4,FOUCHANA FERME GAMOU,33.5
2012M4,HAMMEM LIF,20.699999809265137
2012M4,KHELIDIA CTV,33.5
2012M4,KHELIDIA POMPAGE,36.0
2012M4,MEGRINE PARC CRDA,25.5
2012M4,MHAMEDIA DISPENSAIRE,29.800000190734863
2012M4,MORNAG SIDI ZEYED,54.0
2012M4,MORNEG CTV,33.200000286102295
2012M4,MORNEG FERME ESSADIR,35.0
2012M4,OUDHNA FERME CHIBOUB,9.0
2012M4,OUZRA AGRI FLORA,42.0
2012M4,RADES OUAFA,37.111379559866236
2012M4,RADES PF,27.000000178813934
2012M5,BEN AROUS I MUNICIPA,4.699999988079071
2012M5,BOUMHEL BASSATINE MU,3.0
2012M5,CRETEVILLE,5.0
2012M5,DOMAINE DECHAMUNE,0.0
2012M5,EZZAHRA,0.0
2012M5,FOUCHANA FERME GAMOU,15.199999988079071
2012M5,HAMMEM LIF,2.5
2012M5,KHELIDIA CTV,8.0
2012M5,KHELIDIA POMPAGE,8.0
2012M5,MEGRINE PARC CRDA,3.5
2012M5,MHAMEDIA DISPENSAIRE,7.199999809265137
2012M5,MORNAG SIDI ZEYED,6.0
2012M5,MORNEG CTV,5.699999809265137
2012M5,MORNEG FERME ESSADIR,6.5
2012M5,OUDHNA FERME CHIBOUB,0.0
2012M5,OUZRA AGRI FLORA,5.0
2012M5,RADES OUAFA,38.34842554519511
2012M5,RADES PF,2.799999952316284
2012M6,BEN AROUS I MUNICIPA,0.0
2012M6,BOUMHEL BASSATINE MU,0.0
2012M6,CRETEVILLE,0.0
2012M6,DOMAINE DECHAMUNE,0.0
2012M6,EZZAHRA,0.0
2012M6,FOUCHANA FERME GAMOU,0.0
2012M6,HAMMEM LIF,0.0
2012M6,KHELIDIA CTV,0.0
2012M6,KHELIDIA POMPAGE,0.0
2012M6,MEGRINE PARC CRDA,2.5
2012M6,MHAMEDIA DISPENSAIRE,0.0
2012M6,MORNAG SIDI ZEYED,0.0
2012M6,MORNEG CTV,0.0
2012M6,MORNEG FERME ESSADIR,0.0
2012M6,OUDHNA FERME CHIBOUB,0.0
2012M6,OUZRA AGRI FLORA,0.0
2012M6,RADES OUAFA,37.111379559866236
2012M6,RADES PF,2.5
2012M7,BEN AROUS I MUNICIPA,9.300000190734863
2012M7,BOUMHEL BASSATINE MU,16.0
2012M7,CRETEVILLE,10.0
2012M7,DOMAINE DECHAMUNE,32.0
2012M7,EZZAHRA,0.0
2012M7,FOUCHANA FERME GAMOU,44.5
2012M7,HAMMEM LIF,12.0
2012M7,KHELIDIA CTV,2.0
2012M7,KHELIDIA POMPAGE,2.0
2012M7,MEGRINE PARC CRDA,32.0
2012M7,MHAMEDIA DISPENSAIRE,13.0
2012M7,MORNAG SIDI ZEYED,0.0
2012M7,MORNEG CTV,11.5
2012M7,MORNEG FERME ESSADIR,0.0
2012M7,OUDHNA FERME CHIBOUB,0.0
2012M7,OUZRA AGRI FLORA,0.0
2012M7,RADES OUAFA,38.34842554519511
2012M7,RADES PF,12.0
2012M8,BEN AROUS I MUNICIPA,2.0
2012M8,BOUMHEL BASSATINE MU,1.0
2012M8,CRETEVILLE,0.0
2012M8,DOMAINE DECHAMUNE,0.0
2012M8,EZZAHRA,2.299999952316284
2012M8,FOUCHANA FERME GAMOU,0.0
2012M8,HAMMEM LIF,2.0
2012M8,KHELIDIA CTV,4.0
2012M8,KHELIDIA POMPAGE,4.0
2012M8,MEGRINE PARC CRDA,2.0
2012M8,MHAMEDIA DISPENSAIRE,2.0
2012M8,MORNAG SIDI ZEYED,0.0
2012M8,MORNEG CTV,4.0
2012M8,MORNEG FERME ESSADIR,0.0
2012M8,OUDHNA FERME CHIBOUB,0.0
2012M8,OUZRA AGRI FLORA,0.0
2012M8,RADES OUAFA,38.34842554519511
2012M8,RADES PF,2.9000000953674316
2012M9,BEN AROUS I MUNICIPA,29.399999797344208
2012M9,BOUMHEL BASSATINE MU,28.5
2012M9,CRETEVILLE,49.0
2012M9,DOMAINE DECHAMUNE,48.0
2012M9,EZZAHRA,35.30000042915344
2012M9,FOUCHANA FERME GAMOU,27.0
2012M9,HAMMEM LIF,32.5
2012M9,KHELIDIA CTV,43.0
2012M9,KHELIDIA POMPAGE,42.0
2012M9,MEGRINE PARC CRDA,26.0
2012M9,MHAMEDIA DISPENSAIRE,33.0
2012M9,MORNAG SIDI ZEYED,14.0
2012M9,MORNEG CTV,50.10000038146973
2012M9,MORNEG FERME ESSADIR,49.0
2012M9,OUDHNA FERME CHIBOUB,28.0
2012M9,OUZRA AGRI FLORA,55.0
2012M9,RADES OUAFA,37.111379559866236
2012M9,RADES PF,21.699999630451202
2013M1,BEN AROUS I MUNICIPA,32.499999821186066
2013M1,BOUMHEL BASSATINE MU,31.5
2013M1,CRETEVILLE,49.0
2013M1,DOMAINE DECHAMUNE,42.5
2013M1,EZZAHRA,9.200000405311584
2013M1,FOUCHANA FERME GAMOU,48.30000001192093
2013M1,HAMMEM LIF,34.00000023841858
2013M1,KHELIDIA CTV,39.0
2013M1,KHELIDIA POMPAGE,43.30000019073486
2013M1,MEGRINE PARC CRDA,34.0
2013M1,MHAMEDIA DISPENSAIRE,53.0
2013M1,MORNAG SIDI ZEYED,46.0
2013M1,MORNEG CTV,38.400000154972076
2013M1,MORNEG FERME ESSADIR,43.700000047683716
2013M1,OUDHNA FERME CHIBOUB,32.0
2013M1,OUZRA AGRI FLORA,87.5
2013M1,RADES OUAFA,38.34842554519511
2013M1,RADES PF,30.49999976158142
2013M10,BEN AROUS I MUNICIPA,7.000000238418579
2013M10,BOUMHEL BASSATINE MU,3.5
2013M10,CRETEVILLE,2.0
2013M10,DOMAINE DECHAMUNE,2.0
2013M10,EZZAHRA,19.09999966621399
2013M10,FOUCHANA FERME GAMOU,6.200000002980232
2013M10,HAMMEM LIF,5.5
2013M10,KHELIDIA CTV,34.5
2013M10,KHELIDIA POMPAGE,2.700000047683716
2013M10,MEGRINE PARC CRDA,18.5
2013M10,MHAMEDIA DISPENSAIRE,11.5
2013M10,MORNAG SIDI ZEYED,25.0
2013M10,MORNEG CTV,2.799999952316284
2013M10,MORNEG FERME ESSADIR,11.5
2013M10,OUDHNA FERME CHIBOUB,18.0
2013M10,OUZRA AGRI FLORA,0.0
2013M10,RADES OUAFA,38.34842554519511
2013M10,RADES PF,12.0
2013M11,BEN AROUS I MUNICIPA,44.60000014305115
2013M11,BOUMHEL BASSATINE MU,27.5
2013M11,CRETEVILLE,32.5
2013M11,DOMAINE DECHAMUNE,42.5
2013M11,EZZAHRA,22.399999737739563
2013M11,FOUCHANA FERME GAMOU,48.50000001490116
2013M11,HAMMEM LIF,38.200000047683716
2013M11,KHELIDIA CTV,32.5
2013M11,KHELIDIA POMPAGE,38.200000047683716
2013M11,MEGRINE PARC CRDA,46.5
2013M11,MHAMEDIA DISPENSAIRE,53.5
2013M11,MORNAG SIDI ZEYED,34.0
2013M11,MORNEG CTV,30.899999856948853
2013M11,MORNEG FERME ESSADIR,31.200000405311584
2013M11,OUDHNA FERME CHIBOUB,17.0
2013M11,OUZRA AGRI FLORA,51.0
2013M11,RADES OUAFA,37.111379559866236
2013M11,RADES PF,38.0
2013M12,BEN AROUS I MUNICIPA,54.599999725818634
2013M12,BOUMHEL BASSATINE MU,47.5
2013M12,CRETEVILLE,47.0
2013M12,DOMAINE DECHAMUNE,42.0
2013M12,EZZAHRA,35.0
2013M12,FOUCHANA FERME GAMOU,64.80000001192093
2013M12,HAMMEM LIF,22.0
2013M12,KHELIDIA CTV,75.0
2013M12,KHELIDIA POMPAGE,60.299999952316284
2013M12,MEGRINE PARC CRDA,51.0
2013M12,MHAMEDIA DISPENSAIRE,79.0
2013M12,MORNAG SIDI ZEYED,52.0
2013M12,MORNEG CTV,49.39999985694885
2013M12,MORNEG FERME ESSADIR,60.89999997615814
2013M12,OUDHNA FERME CHIBOUB,64.0
2013M12,OUZRA AGRI FLORA,66.5
2013M12,RADES OUAFA,38.34842554519511
2013M12,RADES PF,38.69999980926514
2013M2,BEN AROUS I MUNICIPA,48.79999977350235
2013M2,BOUMHEL BASSATINE MU,47.5
2013M2,CRETEVILLE,49.5
2013M2,DOMAINE DECHAMUNE,48.0
2013M2,EZZAHRA,40.900000154972076
2013M2,FOUCHANA FERME GAMOU,66.0
2013M2,HAMMEM LIF,50.39999985694885
2013M2,KHELIDIA CTV,58.0
2013M2,KHELIDIA POMPAGE,59.89999997615814
2013M2,MEGRINE PARC CRDA,50.0
2013M2,MHAMEDIA DISPENSAIRE,71.60000002384186
2013M2,MORNAG SIDI ZEYED,56.5
2013M2,MORNEG CTV,53.29999989271164
2013M2,MORNEG FERME ESSADIR,43.799999713897705
2013M2,OUDHNA FERME CHIBOUB,21.0
2013M2,OUZRA AGRI FLORA,48.0
2013M2,RADES OUAFA,34.63728758920849
2013M2,RADES PF,54.0
2013M3,BEN AROUS I MUNICIPA,56.50000071525574
2013M3,BOUMHEL BASSATINE MU,52.0
2013M3,CRETEVILLE,53.0
2013M3,DOMAINE DECHAMUNE,44.0
2013M3,EZZAHRA,58.60000020265579
2013M3,FOUCHANA FERME GAMOU,60.19999998807907
2013M3,HAMMEM LIF,31.90000009536743
2013M3,KHELIDIA CTV,56.0
2013M3,KHELIDIA POMPAGE,21.0
2013M3,MEGRINE PARC CRDA,52.5
2013M3,MHAMEDIA DISPENSAIRE,56.5
2013M3,MORNAG SIDI ZEYED,32.69999980926514
2013M3,MORNEG CTV,54.29999923706055
2013M3,MORNEG FERME ESSADIR,49.200000047683716
2013M3,OUDHNA FERME CHIBOUB,14.0
2013M3,OUZRA AGRI FLORA,46.0
2013M3,RADES OUAFA,38.34842554519511
2013M3,RADES PF,51.0
2013M4,BEN AROUS I MUNICIPA,46.70000010728836
2013M4,BOUMHEL BASSATINE MU,24.5
2013M4,CRETEVILLE,42.0
2013M4,DOMAINE DECHAMUNE,59.0
2013M4,EZZAHRA,44.29999828338623
2013M4,FOUCHANA FERME GAMOU,48.0
2013M4,HAMMEM LIF,34.0
2013M4,KHELIDIA CTV,52.0
2013M4,KHELIDIA POMPAGE,55.5
2013M4,MEGRINE PARC CRDA,47.0
2013M4,MHAMEDIA DISPENSAIRE,58.5
2013M4,MORNAG SIDI ZEYED,54.0
2013M4,MORNEG CTV,63.20000076293945
2013M4,MORNEG FERME ESSADIR,51.799999952316284
2013M4,OUDHNA FERME CHIBOUB,37.0
2013M4,OUZRA AGRI FLORA,59.0
2013M4,RADES OUAFA,37.111379559866236
2013M4,RADES PF,41.5
2013M5,BEN AROUS I MUNICIPA,2.299999952316284
2013M5,BOUMHEL BASSATINE MU,1.0
2013M5,CRETEVILLE,6.0
2013M5,DOMAINE DECHAMUNE,0.0
2013M5,EZZAHRA,0.0
2013M5,FOUCHANA FERME GAMOU,4.0
2013M5,HAMMEM LIF,1.5
2013M5,KHELIDIA CTV,1.0
2013M5,KHELIDIA POMPAGE,0.0
2013M5,MEGRINE PARC CRDA,2.0
2013M5,MHAMEDIA DISPENSAIRE,3.0
2013M5,MORNAG SIDI ZEYED,4.0
2013M5,MORNEG CTV,1.0
2013M5,MORNEG FERME ESSADIR,2.5
2013M5,OUDHNA FERME CHIBOUB,0.0
2013M5,OUZRA AGRI FLORA,0.0
2013M5,RADES OUAFA,38.34842554519511
2013M5,RADES PF,1.5
2013M6,BEN AROUS I MUNICIPA,0.0
2013M6,BOUMHEL BASSATINE MU,0.0
2013M6,CRETEVILLE,0.0
2013M6,DOMAINE DECHAMUNE,0.0
2013M6,EZZAHRA,0.0
2013M6,FOUCHANA FERME GAMOU,0.0
2013M6,HAMMEM LIF,0.0
2013M6,KHELIDIA CTV,0.0
2013M6,KHELIDIA POMPAGE,0.0
2013M6,MEGRINE PARC CRDA,0.0
2013M6,MHAMEDIA DISPENSAIRE,0.0
2013M6,MORNAG SIDI ZEYED,0.0
2013M6,MORNEG CTV,0.0
2013M6,MORNEG FERME ESSADIR,0.0
2013M6,OUDHNA FERME CHIBOUB,0.0
2013M6,OUZRA AGRI FLORA,0.0
2013M6,RADES OUAFA,37.111379559866236
2013M6,RADES PF,0.0
2013M7,BEN AROUS I MUNICIPA,8.000000238418579
2013M7,BOUMHEL BASSATINE MU,7.0
2013M7,CRETEVILLE,3.0
2013M7,DOMAINE DECHAMUNE,0.0
2013M7,EZZAHRA,0.0
2013M7,FOUCHANA FERME GAMOU,3.5
2013M7,HAMMEM LIF,6.0
2013M7,KHELIDIA CTV,0.0
2013M7,KHELIDIA POMPAGE,3.5
2013M7,MEGRINE PARC CRDA,4.5
2013M7,MHAMEDIA DISPENSAIRE,6.0
2013M7,MORNAG SIDI ZEYED,2.0
2013M7,MORNEG CTV,4.0
2013M7,MORNEG FERME ESSADIR,8.5
2013M7,OUDHNA FERME CHIBOUB,0.0
2013M7,OUZRA AGRI FLORA,0.0
2013M7,RADES OUAFA,38.34842554519511
2013M7,RADES PF,7.900000095367432
2013M8,BEN AROUS I MUNICIPA,39.600000619888306
2013M8,BOUMHEL BASSATINE MU,22.5
2013M8,CRETEVILLE,21.5
2013M8,DOMAINE DECHAMUNE,17.0
2013M8,EZZAHRA,37.70000147819519
2013M8,FOUCHANA FERME GAMOU,26.5
2013M8,HAMMEM LIF,20.5
2013M8,KHELIDIA CTV,23.0
2013M8,KHELIDIA POMPAGE,23.5
2013M8,MEGRINE PARC CRDA,32.5
2013M8,MHAMEDIA DISPENSAIRE,15.5
2013M8,MORNAG SIDI ZEYED,28.0
2013M8,MORNEG CTV,24.0
2013M8,MORNEG FERME ESSADIR,18.999999940395355
2013M8,OUDHNA FERME CHIBOUB,13.0
2013M8,OUZRA AGRI FLORA,17.0
2013M8,RADES OUAFA,38.34842554519511
2013M8,RADES PF,24.09999966621399
2013M9,BEN AROUS I MUNICIPA,76.5
2013M9,BOUMHEL BASSATINE MU,33.0
2013M9,CRETEVILLE,73.0
2013M9,DOMAINE DECHAMUNE,68.0
2013M9,EZZAHRA,44.30000114440918
2013M9,FOUCHANA FERME GAMOU,63.599999994039536
2013M9,HAMMEM LIF,25.90000009536743
2013M9,KHELIDIA CTV,50.5
2013M9,KHELIDIA POMPAGE,56.700000047683716
2013M9,MEGRINE PARC CRDA,35.0
2013M9,MHAMEDIA DISPENSAIRE,47.5
2013M9,MORNAG SIDI ZEYED,71.0
2013M9,MORNEG CTV,63.299999952316284
2013M9,MORNEG FERME ESSADIR,62.39999997615814
2013M9,OUDHNA FERME CHIBOUB,37.0
2013M9,OUZRA AGRI FLORA,11.699999809265137
2013M9,RADES OUAFA,37.111379559866236
2013M9,RADES PF,24.99999964237213
2014M1,BEN AROUS I MUNICIPA,36.400000393390656
2014M1,BOUMHEL BASSATINE MU,18.5
2014M1,CRETEVILLE,39.0
2014M1,DOMAINE DECHAMUNE,58.0
2014M1,EZZAHRA,8.699999809265137
2014M1,FOUCHANA FERME GAMOU,78.1000000089407
2014M1,HAMMEM LIF,17.0
2014M1,KHELIDIA CTV,62.0
2014M1,KHELIDIA POMPAGE,28.80000001192093
2014M1,MEGRINE PARC CRDA,31.5
2014M1,MHAMEDIA DISPENSAIRE,37.0
2014M1,MORNAG SIDI ZEYED,52.0
2014M1,MORNEG CTV,32.80000001192093
2014M1,MORNEG FERME ESSADIR,47.39999997615814
2014M1,OUDHNA FERME CHIBOUB,24.0
2014M1,OUZRA AGRI FLORA,52.0
2014M1,RADES OUAFA,38.34842554519511
2014M1,RADES PF,37.5
2014M10,BEN AROUS I MUNICIPA,43.499999046325684
2014M10,BOUMHEL BASSATINE MU,23.0
2014M10,CRETEVILLE,18.5
2014M10,DOMAINE DECHAMUNE,26.0
2014M10,EZZAHRA,31.399999499320984
2014M10,FOUCHANA FERME GAMOU,20.5
2014M10,HAMMEM LIF,26.5
2014M10,KHELIDIA CTV,25.199999809265137
2014M10,KHELIDIA POMPAGE,14.5
2014M10,MEGRINE PARC CRDA,64.5
2014M10,MHAMEDIA DISPENSAIRE,25.5
2014M10,MORNAG SIDI ZEYED,28.5
2014M10,MORNEG CTV,28.299999952316284
2014M10,MORNEG FERME ESSADIR,29.5
2014M10,OUDHNA FERME CHIBOUB,11.0
2014M10,OUZRA AGRI FLORA,26.0
2014M10,RADES OUAFA,38.34842554519511
2014M10,RADES PF,29.5
2014M11,BEN AROUS I MUNICIPA,36.70000076293945
2014M11,BOUMHEL BASSATINE MU,32.5
2014M11,CRETEVILLE,36.0
2014M11,DOMAINE DECHAMUNE,52.0
2014M11,EZZAHRA,9.599999785423279
2014M11,FOUCHANA FERME GAMOU,27.5
2014M11,HAMMEM LIF,83.5
2014M11,KHELIDIA CTV,47.0
2014M11,KHELIDIA POMPAGE,39.0
2014M11,MEGRINE PARC CRDA,50.5
2014M11,MHAMEDIA DISPENSAIRE,28.0
2014M11,MORNAG SIDI ZEYED,40.0
2014M11,MORNEG CTV,45.0
2014M11,MORNEG FERME ESSADIR,47.5
2014M11,OUDHNA FERME CHIBOUB,37.0
2014M11,OUZRA AGRI FLORA,24.0
2014M11,RADES OUAFA,37.111379559866236
2014M11,RADES PF,58.0
2014M12,BEN AROUS I MUNICIPA,47.09999990463257
2014M12,BOUMHEL BASSATINE MU,61.5
2014M12,CRETEVILLE,81.0
2014M12,DOMAINE DECHAMUNE,92.5
2014M12,EZZAHRA,21.699999928474426
2014M12,FOUCHANA FERME GAMOU,41.09999990463257
2014M12,HAMMEM LIF,91.90000009536743
2014M12,KHELIDIA CTV,51.5
2014M12,KHELIDIA POMPAGE,45.60000014305115
2014M12,MEGRINE PARC CRDA,58.5
2014M12,MHAMEDIA DISPENSAIRE,40.19999957084656
2014M12,MORNAG SIDI ZEYED,101.0
2014M12,MORNEG CTV,77.5
2014M12,MORNEG FERME ESSADIR,78.30000019073486
2014M12,OUDHNA FERME CHIBOUB,83.0
2014M12,OUZRA AGRI FLORA,45.0
2014M12,RADES OUAFA,38.34842554519511
2014M12,RADES PF,55.200000047683716
2014M2,BEN AROUS I MUNICIPA,49.10000038146973
2014M2,BOUMHEL BASSATINE MU,31.5
2014M2,CRETEVILLE,35.0
2014M2,DOMAINE DECHAMUNE,16.5
2014M2,EZZAHRA,28.40000057220459
2014M2,FOUCHANA FERME GAMOU,28.5
2014M2,HAMMEM LIF,25.5
2014M2,KHELIDIA CTV,25.30000001192093
2014M2,KHELIDIA POMPAGE,43.0
2014M2,MEGRINE PARC CRDA,39.5
2014M2,MHAMEDIA DISPENSAIRE,38.10000002384186
2014M2,MORNAG SIDI ZEYED,23.0
2014M2,MORNEG CTV,36.999999821186066
2014M2,MORNEG FERME ESSADIR,9.800000190734863
2014M2,OUDHNA FERME CHIBOUB,41.0
2014M2,OUZRA AGRI FLORA,12.0
2014M2,RADES OUAFA,34.63728758920849
2014M2,RADES PF,24.0
2014M3,BEN AROUS I MUNICIPA,72.50000011920929
2014M3,BOUMHEL BASSATINE MU,68.0
2014M3,CRETEVILLE,76.5
2014M3,DOMAINE DECHAMUNE,103.5
2014M3,EZZAHRA,52.90000092983246
2014M3,FOUCHANA FERME GAMOU,66.09999999403954
2014M3,HAMMEM LIF,65.5
2014M3,KHELIDIA CTV,73.90000003576279
2014M3,KHELIDIA POMPAGE,61.5
2014M3,MEGRINE PARC CRDA,57.59999990463257
2014M3,MHAMEDIA DISPENSAIRE,64.20000004768372
2014M3,MORNAG SIDI ZEYED,87.0
2014M3,MORNEG CTV,75.89999955892563
2014M3,MORNEG FERME ESSADIR,94.5
2014M3,OUDHNA FERME CHIBOUB,87.5
2014M3,OUZRA AGRI FLORA,78.5
2014M3,RADES OUAFA,38.34842554519511
2014M3,RADES PF,63.09999990463257
2014M4,BEN AROUS I MUNICIPA,12.700000196695328
2014M4,BOUMHEL BASSATINE MU,6.5
2014M4,CRETEVILLE,11.5
2014M4,DOMAINE DECHAMUNE,25.0
2014M4,EZZAHRA,38.499999701976776
2014M4,FOUCHANA FERME GAMOU,18.5
2014M4,HAMMEM LIF,10.0
2014M4,KHELIDIA CTV,14.0
2014M4,KHELIDIA POMPAGE,19.5
2014M4,MEGRINE PARC CRDA,15.5
2014M4,MHAMEDIA DISPENSAIRE,14.0
2014M4,MORNAG SIDI ZEYED,26.0
2014M4,MORNEG CTV,32.600000858306885
2014M4,MORNEG FERME ESSADIR,13.0
2014M4,OUDHNA FERME CHIBOUB,4.0
2014M4,OUZRA AGRI FLORA,39.0
2014M4,RADES OUAFA,37.111379559866236
2014M4,RADES PF,17.5
2014M5,BEN AROUS I MUNICIPA,21.999999523162842
2014M5,BOUMHEL BASSATINE MU,8.5
2014M5,CRETEVILLE,50.5
2014M5,DOMAINE DECHAMUNE,22.0
2014M5,EZZAHRA,9.399999856948853
2014M5,FOUCHANA FERME GAMOU,17.09999990463257
2014M5,HAMMEM LIF,9.0
2014M5,KHELIDIA CTV,23.5
2014M5,KHELIDIA POMPAGE,20.0
2014M5,MEGRINE PARC CRDA,9.5
2014M5,MHAMEDIA DISPENSAIRE,22.5
2014M5,MORNAG SIDI ZEYED,21.5
2014M5,MORNEG CTV,32.69999986886978
2014M5,MORNEG FERME ESSADIR,21.0
2014M5,OUDHNA FERME CHIBOUB,8.0
2014M5,OUZRA AGRI FLORA,8.0
2014M5,RADES OUAFA,38.34842554519511
2014M5,RADES PF,19.5
2014M6,BEN AROUS I MUNICIPA,4.199999809265137
2014M6,BOUMHEL BASSATINE MU,2.0
2014M6,CRETEVILLE,2.0
2014M6,DOMAINE DECHAMUNE,0.0
2014M6,EZZAHRA,0.0
2014M6,FOUCHANA FERME GAMOU,7.0
2014M6,HAMMEM LIF,6.0
2014M6,KHELIDIA CTV,14.0
2014M6,KHELIDIA POMPAGE,3.799999952316284
2014M6,MEGRINE PARC CRDA,2.0
2014M6,MHAMEDIA DISPENSAIRE,14.0
2014M6,MORNAG SIDI ZEYED,2.0
2014M6,MORNEG CTV,4.299999952316284
2014M6,MORNEG FERME ESSADIR,3.100000023841858
2014M6,OUDHNA FERME CHIBOUB,2.0
2014M6,OUZRA AGRI FLORA,0.0
2014M6,RADES OUAFA,37.111379559866236
2014M6,RADES PF,6.0
2014M7,BEN AROUS I MUNICIPA,0.0
2014M7,BOUMHEL BASSATINE MU,0.0
2014M7,CRETEVILLE,0.0
2014M7,DOMAINE DECHAMUNE,0.0
2014M7,EZZAHRA,0.0
2014M7,FOUCHANA FERME GAMOU,0.0
2014M7,HAMMEM LIF,0.0
2014M7,KHELIDIA CTV,0.0
2014M7,KHELIDIA POMPAGE,0.0
2014M7,MEGRINE PARC CRDA,0.0
2014M7,MHAMEDIA DISPENSAIRE,0.0
2014M7,MORNAG SIDI ZEYED,0.0
2014M7,MORNEG CTV,0.0
2014M7,MORNEG FERME ESSADIR,0.0
2014M7,OUDHNA FERME CHIBOUB,0.0
2014M7,OUZRA AGRI FLORA,0.0
2014M7,RADES OUAFA,38.34842554519511
2014M7,RADES PF,0.0
2014M8,BEN AROUS I MUNICIPA,0.0
2014M8,BOUMHEL BASSATINE MU,0.0
2014M8,CRETEVILLE,0.0
2014M8,DOMAINE DECHAMUNE,0.0
2014M8,EZZAHRA,8.800000190734863
2014M8,FOUCHANA FERME GAMOU,0.0
2014M8,HAMMEM LIF,0.0
2014M8,KHELIDIA CTV,0.0
2014M8,KHELIDIA POMPAGE,0.0
2014M8,MEGRINE PARC CRDA,1.5
2014M8,MHAMEDIA DISPENSAIRE,0.0
2014M8,MORNAG SIDI ZEYED,0.0
2014M8,MORNEG CTV,0.0
2014M8,MORNEG FERME ESSADIR,0.0
2014M8,OUDHNA FERME CHIBOUB,0.0
2014M8,OUZRA AGRI FLORA,0.0
2014M8,RADES OUAFA,38.34842554519511
2014M8,RADES PF,0.0
2014M9,BEN AROUS I MUNICIPA,2.200000047683716
2014M9,BOUMHEL BASSATINE MU,1.0
2014M9,CRETEVILLE,13.0
2014M9,DOMAINE DECHAMUNE,3.0
2014M9,EZZAHRA,13.999999821186066
2014M9,FOUCHANA FERME GAMOU,4.0
2014M9,HAMMEM LIF,4.0
2014M9,KHELIDIA CTV,2.0
2014M9,KHELIDIA POMPAGE,2.5
2014M9,MEGRINE PARC CRDA,3.0
2014M9,MHAMEDIA DISPENSAIRE,2.0
2014M9,MORNAG SIDI ZEYED,0.0
2014M9,MORNEG CTV,3.299999952316284
2014M9,MORNEG FERME ESSADIR,2.8000000715255737
2014M9,OUDHNA FERME CHIBOUB,0.0
2014M9,OUZRA AGRI FLORA,0.0
2014M9,RADES OUAFA,37.111379559866236
2014M9,RADES PF,1.5
2015M1,BEN AROUS I MUNICIPA,51.799999713897705
2015M1,BOUMHEL BASSATINE MU,36.5
2015M1,CRETEVILLE,42.5
2015M1,DOMAINE DECHAMUNE,29.0
2015M1,EZZAHRA,5.100000023841858
2015M1,FOUCHANA FERME GAMOU,51.0
2015M1,HAMMEM LIF,44.0
2015M1,KHELIDIA CTV,28.0
2015M1,KHELIDIA POMPAGE,43.5
2015M1,MEGRINE PARC CRDA,50.5
2015M1,MHAMEDIA DISPENSAIRE,48.0
2015M1,MORNAG SIDI ZEYED,46.0
2015M1,MORNEG CTV,44.69999980926514
2015M1,MORNEG FERME ESSADIR,28.0
2015M1,OUDHNA FERME CHIBOUB,22.0
2015M1,OUZRA AGRI FLORA,49.5
2015M1,RADES OUAFA,38.34842554519511
2015M1,RADES PF,44.5
2015M2,BEN AROUS I MUNICIPA,83.90000104904175
2015M2,BOUMHEL BASSATINE MU,81.0
2015M2,CRETEVILLE,77.5
2015M2,DOMAINE DECHAMUNE,93.0
2015M2,EZZAHRA,95.59999990463257
2015M2,FOUCHANA FERME GAMOU,76.5
2015M2,HAMMEM LIF,87.5
2015M2,KHELIDIA CTV,87.0
2015M2,KHELIDIA POMPAGE,66.0
2015M2,MEGRINE PARC CRDA,90.0
2015M2,MHAMEDIA DISPENSAIRE,77.0
2015M2,MORNAG SIDI ZEYED,92.0
2015M2,MORNEG CTV,82.0
2015M2,MORNEG FERME ESSADIR,61.0
2015M2,OUDHNA FERME CHIBOUB,41.0
2015M2,OUZRA AGRI FLORA,70.5
2015M2,RADES OUAFA,34.63728758920849
2015M2,RADES PF,88.5
2015M3,BEN AROUS I MUNICIPA,115.19999885559082
2015M3,BOUMHEL BASSATINE MU,95.5
2015M3,CRETEVILLE,123.0
2015M3,DOMAINE DECHAMUNE,103.5
2015M3,EZZAHRA,20.899999976158142
2015M3,FOUCHANA FERME GAMOU,107.0
2015M3,HAMMEM LIF,145.0
2015M3,KHELIDIA CTV,98.0
2015M3,KHELIDIA POMPAGE,70.5
2015M3,MEGRINE PARC CRDA,118.5
2015M3,MHAMEDIA DISPENSAIRE,89.0
2015M3,MORNAG SIDI ZEYED,90.0
2015M3,MORNEG CTV,123.59999990463257
2015M3,MORNEG FERME ESSADIR,111.69999980926514
2015M3,OUDHNA FERME CHIBOUB,89.0
2015M3,OUZRA AGRI FLORA,83.0
2015M3,RADES OUAFA,38.34842554519511
2015M3,RADES PF,124.5
2015M4,BEN AROUS I MUNICIPA,1.2999999523162842
2015M4,BOUMHEL BASSATINE MU,2.0
2015M4,CRETEVILLE,2.0
2015M4,DOMAINE DECHAMUNE,0.0
2015M4,EZZAHRA,6.700000047683716
2015M4,FOUCHANA FERME GAMOU,2.0
2015M4,HAMMEM LIF,3.0
2015M4,KHELIDIA CTV,0.0
2015M4,KHELIDIA POMPAGE,1.0
2015M4,MEGRINE PARC CRDA,1.5
2015M4,MHAMEDIA DISPENSAIRE,1.0
2015M4,MORNAG SIDI ZEYED,0.0
2015M4,MORNEG CTV,1.0
2015M4,MORNEG FERME ESSADIR,0.0
2015M4,OUDHNA FERME CHIBOUB,0.0
2015M4,OUZRA AGRI FLORA,0.0
2015M4,RADES OUAFA,37.111379559866236
2015M4,RADES PF,1.5
2015M5,BEN AROUS I MUNICIPA,3.700000047683716
2015M5,BOUMHEL BASSATINE MU,3.0
2015M5,CRETEVILLE,0.0
2015M5,DOMAINE DECHAMUNE,0.0
2015M5,EZZAHRA,19.79999953508377
2015M5,FOUCHANA FERME GAMOU,5.5
2015M5,HAMMEM LIF,4.0
2015M5,KHELIDIA CTV,3.0
2015M5,KHELIDIA POMPAGE,2.0
2015M5,MEGRINE PARC CRDA,2.0
2015M5,MHAMEDIA DISPENSAIRE,4.0
2015M5,MORNAG SIDI ZEYED,3.0
2015M5,MORNEG CTV,3.5
2015M5,MORNEG FERME ESSADIR,3.0
2015M5,OUDHNA FERME CHIBOUB,1.0
2015M5,OUZRA AGRI FLORA,0.0
2015M5,RADES OUAFA,38.34842554519511
2015M5,RADES PF,3.0
2015M6,BEN AROUS I MUNICIPA,1.0
2015M6,BOUMHEL BASSATINE MU,2.0
2015M6,CRETEVILLE,0.5
2015M6,DOMAINE DECHAMUNE,0.0
2015M6,EZZAHRA,8.799999833106995
2015M6,FOUCHANA FERME GAMOU,11.0
2015M6,HAMMEM LIF,2.0
2015M6,KHELIDIA CTV,0.0
2015M6,KHELIDIA POMPAGE,0.0
2015M6,MEGRINE PARC CRDA,7.0
2015M6,MHAMEDIA DISPENSAIRE,2.0
2015M6,MORNAG SIDI ZEYED,0.0
2015M6,MORNEG CTV,1.0
2015M6,MORNEG FERME ESSADIR,0.0
2015M6,OUDHNA FERME CHIBOUB,0.0
2015M6,OUZRA AGRI FLORA,0.0
2015M6,RADES OUAFA,37.111379559866236
2015M6,RADES PF,2.5
2015M7,BEN AROUS I MUNICIPA,0.0
2015M7,BOUMHEL BASSATINE MU,0.0
2015M7,CRETEVILLE,0.0
2015M7,DOMAINE DECHAMUNE,0.0
2015M7,EZZAHRA,0.0
2015M7,FOUCHANA FERME GAMOU,0.0
2015M7,HAMMEM LIF,0.0
2015M7,KHELIDIA CTV,1.0
2015M7,KHELIDIA POMPAGE,0.0
2015M7,MEGRINE PARC CRDA,0.0
2015M7,MHAMEDIA DISPENSAIRE,0.0
2015M7,MORNAG SIDI ZEYED,0.0
2015M7,MORNEG CTV,0.0
2015M7,MORNEG FERME ESSADIR,0.0
2015M7,OUDHNA FERME CHIBOUB,0.0
2015M7,OUZRA AGRI FLORA,0.0
2015M7,RADES OUAFA,38.34842554519511
2015M7,RADES PF,0.0
2015M8,BEN AROUS I MUNICIPA,48.89999866485596
2015M8,BOUMHEL BASSATINE MU,20.5
2015M8,CRETEVILLE,30.0
2015M8,DOMAINE DECHAMUNE,50.0
2015M8,EZZAHRA,12.600000381469727
2015M8,FOUCHANA FERME GAMOU,38.5
2015M8,HAMMEM LIF,25.0
2015M8,KHELIDIA CTV,37.5
2015M8,KHELIDIA POMPAGE,45.0
2015M8,MEGRINE PARC CRDA,50.0
2015M8,MHAMEDIA DISPENSAIRE,41.5
2015M8,MORNAG SIDI ZEYED,36.0
2015M8,MORNEG CTV,38.5
2015M8,MORNEG FERME ESSADIR,42.0
2015M8,OUDHNA FERME CHIBOUB,17.0
2015M8,OUZRA AGRI FLORA,62.0
2015M8,RADES OUAFA,38.34842554519511
2015M8,RADES PF,40.0
